timestamp,iteration,success,latency_ms,http_status,model,prompt_tokens,completion_tokens,total_tokens,finish_reason,error_message
2026-01-31T07:10:49.870826,1,True,859.34,200,gemini-2.5-flash-lite,12,150,162,stop,
2026-01-31T07:11:52.298278,2,True,1050.43,200,gemini-2.5-flash-lite,12,149,161,stop,
2026-01-31T07:12:54.768842,3,True,1348.08,200,gemini-2.5-flash-lite,12,150,162,stop,
2026-01-31T07:13:57.315233,4,True,1361.62,200,gemini-2.5-flash-lite,12,150,162,stop,
2026-01-31T07:14:59.648897,5,True,1089.98,200,gemini-2.5-flash-lite,12,150,162,stop,
2026-01-31T07:16:02.171336,6,True,1356.08,200,gemini-2.5-flash-lite,12,150,162,stop,
2026-01-31T07:17:04.167496,7,True,1226.88,200,gemini-2.5-flash-lite,12,150,162,stop,
2026-01-31T07:18:06.351985,8,True,753.44,200,gemini-2.5-flash-lite,12,149,161,stop,
2026-01-31T07:19:08.830237,9,True,1089.02,200,gemini-2.5-flash-lite,12,150,162,stop,
2026-01-31T07:20:11.012511,10,True,1104.31,200,gemini-2.5-flash-lite,12,149,161,stop,
2026-01-31T07:21:13.708070,11,True,1182.53,200,gemini-2.5-flash-lite,12,150,162,stop,
2026-01-31T07:22:16.307528,12,True,1378.69,200,gemini-2.5-flash-lite,12,150,162,stop,
2026-01-31T07:23:18.267736,13,True,659.39,200,gemini-2.5-flash-lite,12,150,162,stop,
2026-01-31T07:24:20.814272,14,True,1443.87,200,gemini-2.5-flash-lite,12,150,162,stop,
2026-01-31T07:25:23.119269,15,True,1045.44,200,gemini-2.5-flash-lite,12,150,162,stop,
2026-01-31T07:26:25.121535,16,True,888.97,200,gemini-2.5-flash-lite,12,150,162,stop,
2026-01-31T07:27:27.674538,17,True,1191.47,200,gemini-2.5-flash-lite,12,150,162,stop,
2026-01-31T07:28:30.348969,18,True,1259.79,200,gemini-2.5-flash-lite,12,150,162,stop,
2026-01-31T07:29:32.671786,19,True,1049.68,200,gemini-2.5-flash-lite,12,150,162,stop,
2026-01-31T07:30:34.553922,20,True,944.77,200,gemini-2.5-flash-lite,12,150,162,stop,
2026-01-31T07:31:36.949307,21,True,1156.92,200,gemini-2.5-flash-lite,12,150,162,stop,
2026-01-31T07:32:39.280435,22,True,1330.26,200,gemini-2.5-flash-lite,12,150,162,stop,
2026-01-31T07:33:41.246795,23,True,1175.71,200,gemini-2.5-flash-lite,12,150,162,stop,
2026-01-31T07:34:43.324644,24,True,1014.16,200,gemini-2.5-flash-lite,12,150,162,stop,
2026-01-31T07:35:45.513664,25,True,1188.91,200,gemini-2.5-flash-lite,12,150,162,stop,
2026-01-31T07:36:47.845461,26,True,1076.63,200,gemini-2.5-flash-lite,12,150,162,stop,
2026-01-31T07:37:50.174350,27,True,1076.49,200,gemini-2.5-flash-lite,12,150,162,stop,
2026-01-31T07:38:52.514786,28,True,1184.30,200,gemini-2.5-flash-lite,12,150,162,stop,
2026-01-31T07:39:55.126387,29,True,1134.69,200,gemini-2.5-flash-lite,12,150,162,stop,
2026-01-31T07:40:57.496884,30,True,1165.37,200,gemini-2.5-flash-lite,12,150,162,stop,
2026-01-31T07:41:59.973517,31,True,1232.56,200,gemini-2.5-flash-lite,12,150,162,stop,
2026-01-31T07:43:02.867970,32,True,1065.88,200,gemini-2.5-flash-lite,12,150,162,stop,
2026-01-31T07:44:05.083189,33,True,1192.32,200,gemini-2.5-flash-lite,12,150,162,stop,
2026-01-31T07:45:07.345914,34,True,1156.98,200,gemini-2.5-flash-lite,12,150,162,stop,
2026-01-31T07:46:09.432727,35,True,1052.17,200,gemini-2.5-flash-lite,12,150,162,stop,
2026-01-31T07:47:11.981907,36,True,1341.18,200,gemini-2.5-flash-lite,12,150,162,stop,
2026-01-31T07:48:14.636472,37,True,1075.59,200,gemini-2.5-flash-lite,12,150,162,stop,
2026-01-31T07:49:16.852753,38,True,1151.90,200,gemini-2.5-flash-lite,12,150,162,stop,
2026-01-31T07:50:19.242681,39,True,1199.42,200,gemini-2.5-flash-lite,12,150,162,stop,
2026-01-31T07:51:21.144356,40,True,862.90,200,gemini-2.5-flash-lite,12,150,162,stop,
2026-01-31T07:52:23.876270,41,True,1515.20,200,gemini-2.5-flash-lite,12,150,162,stop,
2026-01-31T07:53:25.863123,42,True,872.78,200,gemini-2.5-flash-lite,12,148,160,stop,
2026-01-31T07:54:28.285195,43,True,1212.39,200,gemini-2.5-flash-lite,12,150,162,stop,
2026-01-31T07:55:30.521241,44,True,1047.76,200,gemini-2.5-flash-lite,12,149,161,stop,
2026-01-31T07:56:32.474697,45,True,893.26,200,gemini-2.5-flash-lite,12,150,162,stop,
2026-01-31T07:57:35.317845,46,True,1726.79,200,gemini-2.5-flash-lite,12,150,162,stop,
2026-01-31T07:58:37.907542,47,True,1248.26,200,gemini-2.5-flash-lite,12,150,162,stop,
2026-01-31T07:59:40.123588,48,True,1031.05,200,gemini-2.5-flash-lite,12,149,161,stop,
2026-01-31T08:00:42.086212,49,True,1214.90,200,gemini-2.5-flash-lite,12,150,162,stop,
2026-01-31T08:01:44.016874,50,True,825.27,200,gemini-2.5-flash-lite,12,150,162,stop,
2026-01-31T08:02:45.845975,51,True,927.10,200,gemini-2.5-flash-lite,12,150,162,stop,
2026-01-31T08:03:48.353901,52,True,1273.81,200,gemini-2.5-flash-lite,12,150,162,stop,
2026-01-31T08:04:50.767830,53,True,1164.44,200,gemini-2.5-flash-lite,12,150,162,stop,
2026-01-31T08:05:53.425799,54,True,1435.39,200,gemini-2.5-flash-lite,12,150,162,stop,
2026-01-31T08:06:55.261791,55,True,1065.14,200,gemini-2.5-flash-lite,12,149,161,stop,
2026-01-31T08:07:57.507512,56,True,1116.59,200,gemini-2.5-flash-lite,12,150,162,stop,
2026-01-31T08:08:59.372299,57,True,843.98,200,gemini-2.5-flash-lite,12,150,162,stop,
2026-01-31T08:10:01.181863,58,True,762.28,200,gemini-2.5-flash-lite,12,150,162,stop,
2026-01-31T08:11:03.504961,59,True,1191.56,200,gemini-2.5-flash-lite,12,150,162,stop,
2026-01-31T08:12:06.087666,60,True,1004.06,200,gemini-2.5-flash-lite,12,150,162,stop,
2026-01-31T08:13:08.521677,61,True,1208.97,200,gemini-2.5-flash-lite,12,150,162,stop,
2026-01-31T08:14:10.846911,62,True,1435.66,200,gemini-2.5-flash-lite,12,150,162,stop,
2026-01-31T08:15:13.071288,63,True,1027.81,200,gemini-2.5-flash-lite,12,150,162,stop,
2026-01-31T08:16:15.189537,64,True,1155.62,200,gemini-2.5-flash-lite,12,150,162,stop,
2026-01-31T08:17:17.649686,65,True,1212.71,200,gemini-2.5-flash-lite,12,150,162,stop,
2026-01-31T08:18:19.480287,66,True,1000.34,200,gemini-2.5-flash-lite,12,150,162,stop,
2026-01-31T08:19:21.793423,67,True,1252.85,200,gemini-2.5-flash-lite,12,150,162,stop,
2026-01-31T08:20:24.115390,68,True,1143.89,200,gemini-2.5-flash-lite,12,150,162,stop,
2026-01-31T08:21:26.449440,69,True,1256.57,200,gemini-2.5-flash-lite,12,150,162,stop,
2026-01-31T08:22:28.236006,70,True,755.31,200,gemini-2.5-flash-lite,12,150,162,stop,
2026-01-31T08:23:30.203680,71,True,1032.97,200,gemini-2.5-flash-lite,12,150,162,stop,
2026-01-31T08:24:32.258695,72,True,927.38,200,gemini-2.5-flash-lite,12,150,162,stop,
2026-01-31T08:25:34.246009,73,True,1124.52,200,gemini-2.5-flash-lite,12,150,162,stop,
2026-01-31T08:26:36.369707,74,True,1056.05,200,gemini-2.5-flash-lite,12,150,162,stop,
2026-01-31T08:27:38.385697,75,True,1002.18,200,gemini-2.5-flash-lite,12,150,162,stop,
2026-01-31T08:28:40.471444,76,True,984.28,200,gemini-2.5-flash-lite,12,150,162,stop,
2026-01-31T08:29:42.551531,77,True,757.98,200,gemini-2.5-flash-lite,12,150,162,stop,
2026-01-31T08:30:44.927438,78,True,1147.69,200,gemini-2.5-flash-lite,12,150,162,stop,
2026-01-31T08:31:46.914528,79,True,783.98,200,gemini-2.5-flash-lite,12,150,162,stop,
2026-01-31T08:32:49.405588,80,True,1027.51,200,gemini-2.5-flash-lite,12,150,162,stop,
2026-01-31T08:33:51.521377,81,True,927.10,200,gemini-2.5-flash-lite,12,150,162,stop,
2026-01-31T08:34:53.792325,82,True,1231.86,200,gemini-2.5-flash-lite,12,150,162,stop,
2026-01-31T08:35:56.045622,83,True,829.82,200,gemini-2.5-flash-lite,12,150,162,stop,
2026-01-31T08:36:58.415816,84,True,1034.63,200,gemini-2.5-flash-lite,12,150,162,stop,
2026-01-31T08:38:00.868365,85,True,1357.63,200,gemini-2.5-flash-lite,12,150,162,stop,
2026-01-31T08:39:03.701531,86,True,1476.44,200,gemini-2.5-flash-lite,12,149,161,stop,
2026-01-31T08:40:06.164995,87,True,1233.95,200,gemini-2.5-flash-lite,12,150,162,stop,
2026-01-31T08:41:08.523123,88,True,1111.93,200,gemini-2.5-flash-lite,12,150,162,stop,
2026-01-31T08:42:10.668567,89,True,947.04,200,gemini-2.5-flash-lite,12,150,162,stop,
2026-01-31T08:43:12.428863,90,True,837.39,200,gemini-2.5-flash-lite,12,150,162,stop,
2026-01-31T08:44:14.760528,91,True,1069.84,200,gemini-2.5-flash-lite,12,150,162,stop,
2026-01-31T08:45:17.352096,92,True,1223.86,200,gemini-2.5-flash-lite,12,150,162,stop,
2026-01-31T08:46:19.582964,93,True,1091.66,200,gemini-2.5-flash-lite,12,150,162,stop,
2026-01-31T08:47:21.842321,94,True,934.81,200,gemini-2.5-flash-lite,12,150,162,stop,
2026-01-31T08:48:24.235234,95,True,973.98,200,gemini-2.5-flash-lite,12,150,162,stop,
2026-01-31T08:49:26.561203,96,True,1099.77,200,gemini-2.5-flash-lite,12,150,162,stop,
2026-01-31T08:50:29.580568,97,True,1752.57,200,gemini-2.5-flash-lite,12,149,161,stop,
2026-01-31T08:51:31.639771,98,True,836.36,200,gemini-2.5-flash-lite,12,150,162,stop,
2026-01-31T08:52:34.395493,99,True,1346.64,200,gemini-2.5-flash-lite,12,150,162,stop,
2026-01-31T08:53:36.683509,100,True,1082.30,200,gemini-2.5-flash-lite,12,150,162,stop,
2026-01-31T08:54:39.213096,101,True,1018.94,200,gemini-2.5-flash-lite,12,150,162,stop,
2026-01-31T08:55:41.972602,102,True,1567.93,200,gemini-2.5-flash-lite,12,150,162,stop,
2026-01-31T08:56:44.159675,103,True,1084.32,200,gemini-2.5-flash-lite,12,150,162,stop,
2026-01-31T08:57:46.607135,104,True,1006.66,200,gemini-2.5-flash-lite,12,150,162,stop,
2026-01-31T08:58:48.238469,105,True,797.56,200,gemini-2.5-flash-lite,12,150,162,stop,
2026-01-31T08:59:50.749619,106,True,1358.88,200,gemini-2.5-flash-lite,12,150,162,stop,
2026-01-31T09:00:52.809405,107,True,1069.57,200,gemini-2.5-flash-lite,12,150,162,stop,
2026-01-31T09:01:54.992613,108,True,782.07,200,gemini-2.5-flash-lite,12,150,162,stop,
2026-01-31T09:02:57.694769,109,True,1248.89,200,gemini-2.5-flash-lite,12,150,162,stop,
2026-01-31T09:03:59.948867,110,True,1338.19,200,gemini-2.5-flash-lite,12,150,162,stop,
2026-01-31T09:05:02.746550,111,True,1302.37,200,gemini-2.5-flash-lite,12,150,162,stop,
2026-01-31T09:06:05.404759,112,True,1355.16,200,gemini-2.5-flash-lite,12,150,162,stop,
2026-01-31T09:07:08.038824,113,True,1230.33,200,gemini-2.5-flash-lite,12,150,162,stop,
2026-01-31T09:08:09.845071,114,True,776.79,200,gemini-2.5-flash-lite,12,149,161,stop,
2026-01-31T09:09:13.352936,115,True,2253.23,200,gemini-2.5-flash-lite,12,150,162,stop,
2026-01-31T09:10:15.536725,116,True,1355.64,200,gemini-2.5-flash-lite,12,150,162,stop,
2026-01-31T09:11:18.142119,117,True,1178.27,200,gemini-2.5-flash-lite,12,150,162,stop,
2026-01-31T09:12:20.668422,118,True,1407.53,200,gemini-2.5-flash-lite,12,150,162,stop,
2026-01-31T09:13:22.697926,119,True,866.88,200,gemini-2.5-flash-lite,12,150,162,stop,
2026-01-31T09:14:25.141118,120,True,1118.12,200,gemini-2.5-flash-lite,12,150,162,stop,
2026-01-31T09:15:27.117329,121,True,774.50,200,gemini-2.5-flash-lite,12,150,162,stop,
2026-01-31T09:16:29.695969,122,True,1298.44,200,gemini-2.5-flash-lite,12,150,162,stop,
2026-01-31T09:17:32.510424,123,True,1449.41,200,gemini-2.5-flash-lite,12,150,162,stop,
2026-01-31T09:18:34.497827,124,True,1133.52,200,gemini-2.5-flash-lite,12,150,162,stop,
2026-01-31T09:19:36.938945,125,True,1115.83,200,gemini-2.5-flash-lite,12,150,162,stop,
2026-01-31T09:20:39.534310,126,True,1203.60,200,gemini-2.5-flash-lite,12,149,161,stop,
2026-01-31T09:21:41.699111,127,True,994.82,200,gemini-2.5-flash-lite,12,149,161,stop,
2026-01-31T09:22:44.160292,128,True,1427.13,200,gemini-2.5-flash-lite,12,150,162,stop,
2026-01-31T09:23:45.879422,129,True,737.87,200,gemini-2.5-flash-lite,12,150,162,stop,
2026-01-31T09:24:48.480883,130,True,1228.87,200,gemini-2.5-flash-lite,12,150,162,stop,
2026-01-31T09:25:50.807465,131,True,1172.36,200,gemini-2.5-flash-lite,12,149,161,stop,
2026-01-31T09:26:53.064345,132,True,1205.68,200,gemini-2.5-flash-lite,12,150,162,stop,
2026-01-31T09:27:55.165251,133,True,844.50,200,gemini-2.5-flash-lite,12,150,162,stop,
2026-01-31T09:28:57.358501,134,True,1138.03,200,gemini-2.5-flash-lite,12,150,162,stop,
2026-01-31T09:29:59.377782,135,True,995.00,200,gemini-2.5-flash-lite,12,150,162,stop,
2026-01-31T09:31:01.380748,136,True,1199.91,200,gemini-2.5-flash-lite,12,150,162,stop,
2026-01-31T09:32:03.866463,137,True,1377.48,200,gemini-2.5-flash-lite,12,150,162,stop,
2026-01-31T09:33:06.548693,138,True,1107.66,200,gemini-2.5-flash-lite,12,150,162,stop,
2026-01-31T09:34:08.965550,139,True,1234.27,200,gemini-2.5-flash-lite,12,149,161,stop,
2026-01-31T09:35:11.012143,140,True,852.04,200,gemini-2.5-flash-lite,12,150,162,stop,
2026-01-31T09:36:13.624819,141,True,1498.48,200,gemini-2.5-flash-lite,12,150,162,stop,
2026-01-31T09:37:16.277521,142,True,1498.39,200,gemini-2.5-flash-lite,12,150,162,stop,
2026-01-31T09:38:18.310804,143,True,860.23,200,gemini-2.5-flash-lite,12,150,162,stop,
2026-01-31T09:39:20.857485,144,True,1397.05,200,gemini-2.5-flash-lite,12,150,162,stop,
2026-01-31T09:40:23.004775,145,True,1159.54,200,gemini-2.5-flash-lite,12,150,162,stop,
2026-01-31T09:41:25.055033,146,True,1244.25,200,gemini-2.5-flash-lite,12,150,162,stop,
2026-01-31T09:42:27.380341,147,True,1029.86,200,gemini-2.5-flash-lite,12,150,162,stop,
2026-01-31T09:43:29.728588,148,True,1148.17,200,gemini-2.5-flash-lite,12,150,162,stop,
2026-01-31T09:44:31.997159,149,True,1269.56,200,gemini-2.5-flash-lite,12,150,162,stop,
2026-01-31T09:45:34.496631,150,True,1345.99,200,gemini-2.5-flash-lite,12,150,162,stop,
2026-01-31T09:46:36.977923,151,True,1246.91,200,gemini-2.5-flash-lite,12,150,162,stop,
2026-01-31T09:47:39.189761,152,True,1078.03,200,gemini-2.5-flash-lite,12,150,162,stop,
2026-01-31T09:48:41.717693,153,True,1216.77,200,gemini-2.5-flash-lite,12,150,162,stop,
2026-01-31T09:49:43.812134,154,True,1128.48,200,gemini-2.5-flash-lite,12,150,162,stop,
2026-01-31T09:50:46.340611,155,True,1159.73,200,gemini-2.5-flash-lite,12,150,162,stop,
2026-01-31T09:51:48.486564,156,True,882.88,200,gemini-2.5-flash-lite,12,150,162,stop,
2026-01-31T09:52:50.374518,157,True,923.88,200,gemini-2.5-flash-lite,12,149,161,stop,
2026-01-31T09:53:52.757330,158,True,1346.38,200,gemini-2.5-flash-lite,12,150,162,stop,
2026-01-31T09:54:55.101261,159,True,1290.23,200,gemini-2.5-flash-lite,12,150,162,stop,
2026-01-31T09:55:57.562670,160,True,1251.91,200,gemini-2.5-flash-lite,12,150,162,stop,
2026-01-31T09:56:59.838187,161,True,890.16,200,gemini-2.5-flash-lite,12,150,162,stop,
2026-01-31T09:58:02.296533,162,True,1248.21,200,gemini-2.5-flash-lite,12,150,162,stop,
2026-01-31T09:59:05.058004,163,True,1228.58,200,gemini-2.5-flash-lite,12,150,162,stop,
2026-01-31T10:00:07.657418,164,True,1187.00,200,gemini-2.5-flash-lite,12,149,161,stop,
2026-01-31T10:01:10.151741,165,True,1253.45,200,gemini-2.5-flash-lite,12,150,162,stop,
2026-01-31T10:02:12.571366,166,True,1093.91,200,gemini-2.5-flash-lite,12,150,162,stop,
2026-01-31T10:03:14.607153,167,True,918.69,200,gemini-2.5-flash-lite,12,150,162,stop,
2026-01-31T10:04:16.736263,168,True,825.56,200,gemini-2.5-flash-lite,12,150,162,stop,
2026-01-31T10:05:19.100227,169,True,1209.77,200,gemini-2.5-flash-lite,12,150,162,stop,
2026-01-31T10:06:21.486584,170,True,1298.87,200,gemini-2.5-flash-lite,12,150,162,stop,
2026-01-31T10:07:23.680531,171,True,1078.39,200,gemini-2.5-flash-lite,12,148,160,stop,
2026-01-31T10:08:26.669493,172,True,1112.22,200,gemini-2.5-flash-lite,12,150,162,stop,
2026-01-31T10:09:29.051928,173,True,1137.72,200,gemini-2.5-flash-lite,12,150,162,stop,
2026-01-31T10:10:31.731814,174,True,1696.45,200,gemini-2.5-flash-lite,12,150,162,stop,
2026-01-31T10:11:33.742070,175,True,1191.16,200,gemini-2.5-flash-lite,12,150,162,stop,
2026-01-31T10:12:36.065546,176,True,1165.23,200,gemini-2.5-flash-lite,12,150,162,stop,
2026-01-31T10:13:38.264493,177,True,830.66,200,gemini-2.5-flash-lite,12,150,162,stop,
2026-01-31T10:14:40.494683,178,True,1136.87,200,gemini-2.5-flash-lite,12,150,162,stop,
2026-01-31T10:15:43.188029,179,True,1336.02,200,gemini-2.5-flash-lite,12,150,162,stop,
2026-01-31T10:16:45.626944,180,True,1227.94,200,gemini-2.5-flash-lite,12,150,162,stop,
2026-01-31T10:17:48.338574,181,True,1461.90,200,gemini-2.5-flash-lite,12,150,162,stop,
2026-01-31T10:18:50.868774,182,True,1365.62,200,gemini-2.5-flash-lite,12,150,162,stop,
2026-01-31T10:19:53.062364,183,True,1091.38,200,gemini-2.5-flash-lite,12,150,162,stop,
2026-01-31T10:20:55.172427,184,True,1101.58,200,gemini-2.5-flash-lite,12,150,162,stop,
2026-01-31T10:21:58.142042,185,True,1328.88,200,gemini-2.5-flash-lite,12,150,162,stop,
2026-01-31T10:23:00.094793,186,True,1085.30,200,gemini-2.5-flash-lite,12,150,162,stop,
2026-01-31T10:24:02.521437,187,True,1196.98,200,gemini-2.5-flash-lite,12,150,162,stop,
2026-01-31T10:25:04.819593,188,True,1241.79,200,gemini-2.5-flash-lite,12,150,162,stop,
2026-01-31T10:26:07.919029,189,True,1497.15,200,gemini-2.5-flash-lite,12,150,162,stop,
2026-01-31T10:27:10.519035,190,True,1388.31,200,gemini-2.5-flash-lite,12,150,162,stop,
2026-01-31T10:28:12.787882,191,True,976.85,200,gemini-2.5-flash-lite,12,150,162,stop,
2026-01-31T10:29:15.217509,192,True,1424.83,200,gemini-2.5-flash-lite,12,150,162,stop,
2026-01-31T10:30:17.653466,193,True,1347.46,200,gemini-2.5-flash-lite,12,150,162,stop,
2026-01-31T10:31:20.205730,194,True,1172.46,200,gemini-2.5-flash-lite,12,150,162,stop,
2026-01-31T10:32:22.008219,195,True,895.86,200,gemini-2.5-flash-lite,12,149,161,stop,
2026-01-31T10:33:24.259534,196,True,1328.60,200,gemini-2.5-flash-lite,12,150,162,stop,
2026-01-31T10:34:27.502250,197,True,2012.68,200,gemini-2.5-flash-lite,12,149,161,stop,
2026-01-31T10:35:29.974758,198,True,1124.36,200,gemini-2.5-flash-lite,12,150,162,stop,
2026-01-31T10:36:32.323366,199,True,1072.22,200,gemini-2.5-flash-lite,12,150,162,stop,
2026-01-31T10:37:35.120400,200,True,1299.42,200,gemini-2.5-flash-lite,12,150,162,stop,
2026-01-31T10:38:37.383325,201,True,965.09,200,gemini-2.5-flash-lite,12,150,162,stop,
2026-01-31T10:39:39.937631,202,True,1285.52,200,gemini-2.5-flash-lite,12,150,162,stop,
2026-01-31T10:40:42.444077,203,True,1282.21,200,gemini-2.5-flash-lite,12,150,162,stop,
2026-01-31T10:41:44.454999,204,True,1192.33,200,gemini-2.5-flash-lite,12,150,162,stop,
2026-01-31T10:42:47.165057,205,True,1552.99,200,gemini-2.5-flash-lite,12,150,162,stop,
2026-01-31T10:43:49.635042,206,True,1184.35,200,gemini-2.5-flash-lite,12,150,162,stop,
2026-01-31T10:44:51.544530,207,True,1094.11,200,gemini-2.5-flash-lite,12,150,162,stop,
2026-01-31T10:45:53.892326,208,True,1101.84,200,gemini-2.5-flash-lite,12,149,161,stop,
2026-01-31T10:46:56.479842,209,True,1308.04,200,gemini-2.5-flash-lite,12,150,162,stop,
2026-01-31T10:47:58.888140,210,True,1046.64,200,gemini-2.5-flash-lite,12,150,162,stop,
2026-01-31T10:49:01.269737,211,True,949.03,200,gemini-2.5-flash-lite,12,150,162,stop,
2026-01-31T10:50:08.511065,212,True,953.48,200,gemini-2.5-flash-lite,12,150,162,stop,
2026-01-31T10:51:10.745868,213,True,1285.05,200,gemini-2.5-flash-lite,12,150,162,stop,
2026-01-31T10:52:12.973717,214,True,977.52,200,gemini-2.5-flash-lite,12,150,162,stop,
2026-01-31T10:53:15.148785,215,True,861.23,200,gemini-2.5-flash-lite,12,150,162,stop,
2026-01-31T10:54:17.277167,216,True,907.92,200,gemini-2.5-flash-lite,12,150,162,stop,
2026-01-31T10:55:19.767749,217,True,1294.96,200,gemini-2.5-flash-lite,12,150,162,stop,
2026-01-31T10:56:22.141454,218,True,1067.36,200,gemini-2.5-flash-lite,12,150,162,stop,
2026-01-31T10:57:24.311884,219,True,1104.79,200,gemini-2.5-flash-lite,12,150,162,stop,
2026-01-31T10:58:26.988677,220,True,1438.08,200,gemini-2.5-flash-lite,12,150,162,stop,
2026-01-31T10:59:29.230624,221,True,1039.50,200,gemini-2.5-flash-lite,12,150,162,stop,
2026-01-31T11:00:31.521755,222,True,1190.74,200,gemini-2.5-flash-lite,12,150,162,stop,
2026-01-31T11:01:33.989138,223,True,1319.13,200,gemini-2.5-flash-lite,12,149,161,stop,
2026-01-31T11:02:36.267723,224,True,1314.65,200,gemini-2.5-flash-lite,12,150,162,stop,
2026-01-31T11:03:38.922829,225,True,1157.29,200,gemini-2.5-flash-lite,12,149,161,stop,
2026-01-31T11:04:41.425360,226,True,1197.55,200,gemini-2.5-flash-lite,12,150,162,stop,
2026-01-31T11:05:44.204837,227,True,1005.44,200,gemini-2.5-flash-lite,12,150,162,stop,
2026-01-31T11:06:46.347470,228,True,1196.60,200,gemini-2.5-flash-lite,12,150,162,stop,
2026-01-31T11:07:49.004182,229,True,1295.42,200,gemini-2.5-flash-lite,12,150,162,stop,
2026-01-31T11:08:51.607280,230,True,1074.21,200,gemini-2.5-flash-lite,12,150,162,stop,
2026-01-31T11:09:54.058578,231,True,897.56,200,gemini-2.5-flash-lite,12,150,162,stop,
2026-01-31T11:10:56.678971,232,True,1268.29,200,gemini-2.5-flash-lite,12,150,162,stop,
2026-01-31T11:11:58.894794,233,True,908.79,200,gemini-2.5-flash-lite,12,150,162,stop,
2026-01-31T11:13:01.493596,234,True,1288.51,200,gemini-2.5-flash-lite,12,150,162,stop,
2026-01-31T11:14:03.756646,235,True,1225.12,200,gemini-2.5-flash-lite,12,150,162,stop,
2026-01-31T11:15:06.363568,236,True,1284.16,200,gemini-2.5-flash-lite,12,150,162,stop,
2026-01-31T11:16:09.134325,237,True,1113.38,200,gemini-2.5-flash-lite,12,150,162,stop,
2026-01-31T11:17:11.191096,238,True,869.32,200,gemini-2.5-flash-lite,12,150,162,stop,
2026-01-31T11:18:13.313010,239,True,931.01,200,gemini-2.5-flash-lite,12,150,162,stop,
2026-01-31T11:19:16.222533,240,True,1365.93,200,gemini-2.5-flash-lite,12,149,161,stop,
2026-01-31T11:20:18.373785,241,True,956.21,200,gemini-2.5-flash-lite,12,150,162,stop,
2026-01-31T11:21:20.524780,242,True,874.00,200,gemini-2.5-flash-lite,12,150,162,stop,
2026-01-31T11:22:22.969260,243,True,1076.15,200,gemini-2.5-flash-lite,12,150,162,stop,
2026-01-31T11:23:25.057412,244,True,1149.91,200,gemini-2.5-flash-lite,12,149,161,stop,
2026-01-31T11:24:27.675452,245,True,1124.27,200,gemini-2.5-flash-lite,12,150,162,stop,
2026-01-31T11:25:30.066477,246,True,1195.94,200,gemini-2.5-flash-lite,12,150,162,stop,
2026-01-31T11:26:32.282224,247,True,1091.31,200,gemini-2.5-flash-lite,12,150,162,stop,
2026-01-31T11:27:34.780017,248,True,1229.50,200,gemini-2.5-flash-lite,12,150,162,stop,
2026-01-31T11:28:42.025006,249,True,1054.51,200,gemini-2.5-flash-lite,12,150,162,stop,
2026-01-31T11:29:44.116858,250,True,866.06,200,gemini-2.5-flash-lite,12,150,162,stop,
2026-01-31T11:30:46.390600,251,True,1251.22,200,gemini-2.5-flash-lite,12,150,162,stop,
2026-01-31T11:31:49.002066,252,True,1354.03,200,gemini-2.5-flash-lite,12,150,162,stop,
2026-01-31T11:32:51.716970,253,True,1255.73,200,gemini-2.5-flash-lite,12,150,162,stop,
2026-01-31T11:33:54.778536,254,True,1206.49,200,gemini-2.5-flash-lite,12,150,162,stop,
2026-01-31T11:34:57.524520,255,True,1403.39,200,gemini-2.5-flash-lite,12,149,161,stop,
2026-01-31T11:36:00.033040,256,True,1299.01,200,gemini-2.5-flash-lite,12,150,162,stop,
2026-01-31T11:37:02.409403,257,True,1249.57,200,gemini-2.5-flash-lite,12,150,162,stop,
2026-01-31T11:38:04.873320,258,True,1362.53,200,gemini-2.5-flash-lite,12,150,162,stop,
2026-01-31T11:39:07.260510,259,True,1317.69,200,gemini-2.5-flash-lite,12,150,162,stop,
2026-01-31T11:40:09.456099,260,True,1332.99,200,gemini-2.5-flash-lite,12,150,162,stop,
2026-01-31T11:41:12.280364,261,True,1426.70,200,gemini-2.5-flash-lite,12,150,162,stop,
2026-01-31T11:42:14.655559,262,True,1030.81,200,gemini-2.5-flash-lite,12,150,162,stop,
2026-01-31T11:43:17.399253,263,True,1289.17,200,gemini-2.5-flash-lite,12,150,162,stop,
2026-01-31T11:44:20.015966,264,True,1220.47,200,gemini-2.5-flash-lite,12,150,162,stop,
2026-01-31T11:45:22.260277,265,True,951.29,200,gemini-2.5-flash-lite,12,150,162,stop,
2026-01-31T11:46:24.964327,266,True,1260.66,200,gemini-2.5-flash-lite,12,150,162,stop,
2026-01-31T11:47:27.133824,267,True,863.06,200,gemini-2.5-flash-lite,12,150,162,stop,
2026-01-31T11:48:29.665170,268,True,1238.19,200,gemini-2.5-flash-lite,12,150,162,stop,
2026-01-31T11:49:32.159091,269,True,1198.71,200,gemini-2.5-flash-lite,12,150,162,stop,
2026-01-31T11:50:34.043791,270,True,837.43,200,gemini-2.5-flash-lite,12,150,162,stop,
2026-01-31T11:51:36.149117,271,True,977.39,200,gemini-2.5-flash-lite,12,150,162,stop,
2026-01-31T11:52:38.689211,272,True,1198.25,200,gemini-2.5-flash-lite,12,149,161,stop,
2026-01-31T11:53:40.987056,273,True,1107.55,200,gemini-2.5-flash-lite,12,150,162,stop,
2026-01-31T11:54:43.502246,274,True,1221.85,200,gemini-2.5-flash-lite,12,150,162,stop,
2026-01-31T11:55:46.128671,275,True,1228.77,200,gemini-2.5-flash-lite,12,150,162,stop,
2026-01-31T11:56:48.565818,276,True,1049.22,200,gemini-2.5-flash-lite,12,150,162,stop,
2026-01-31T11:57:51.135456,277,True,1226.66,200,gemini-2.5-flash-lite,12,150,162,stop,
2026-01-31T11:58:53.598448,278,True,1210.87,200,gemini-2.5-flash-lite,12,150,162,stop,
2026-01-31T11:59:55.399750,279,True,902.57,200,gemini-2.5-flash-lite,12,150,162,stop,
2026-01-31T12:00:57.358882,280,True,788.05,200,gemini-2.5-flash-lite,12,150,162,stop,
2026-01-31T12:01:59.917125,281,True,1277.27,200,gemini-2.5-flash-lite,12,150,162,stop,
2026-01-31T12:03:02.436947,282,True,1198.51,200,gemini-2.5-flash-lite,12,148,160,stop,
2026-01-31T12:04:04.518809,283,True,907.80,200,gemini-2.5-flash-lite,12,149,161,stop,
2026-01-31T12:05:06.486310,284,True,1115.39,200,gemini-2.5-flash-lite,12,150,162,stop,
2026-01-31T12:06:09.114448,285,True,1382.98,200,gemini-2.5-flash-lite,12,150,162,stop,
2026-01-31T12:07:11.852903,286,True,1451.71,200,gemini-2.5-flash-lite,12,150,162,stop,
2026-01-31T12:08:14.669282,287,True,1133.83,200,gemini-2.5-flash-lite,12,150,162,stop,
2026-01-31T12:09:17.102630,288,True,1113.41,200,gemini-2.5-flash-lite,12,150,162,stop,
2026-01-31T12:10:20.070815,289,True,1542.86,200,gemini-2.5-flash-lite,12,150,162,stop,
2026-01-31T12:11:22.486099,290,True,1250.99,200,gemini-2.5-flash-lite,12,150,162,stop,
2026-01-31T12:12:25.580364,291,True,1498.65,200,gemini-2.5-flash-lite,12,150,162,stop,
2026-01-31T12:13:27.822559,292,True,1351.95,200,gemini-2.5-flash-lite,12,150,162,stop,
2026-01-31T12:14:29.750634,293,True,907.60,200,gemini-2.5-flash-lite,12,149,161,stop,
2026-01-31T12:15:32.266763,294,True,1226.94,200,gemini-2.5-flash-lite,12,150,162,stop,
2026-01-31T12:16:34.823856,295,True,1383.90,200,gemini-2.5-flash-lite,12,150,162,stop,
2026-01-31T12:17:37.428995,296,True,1026.95,200,gemini-2.5-flash-lite,12,150,162,stop,
2026-01-31T12:18:39.834741,297,True,1151.26,200,gemini-2.5-flash-lite,12,150,162,stop,
2026-01-31T12:19:42.561147,298,True,1479.08,200,gemini-2.5-flash-lite,12,149,161,stop,
2026-01-31T12:20:45.086587,299,True,1505.04,200,gemini-2.5-flash-lite,12,150,162,stop,
2026-01-31T12:21:47.306879,300,True,1018.54,200,gemini-2.5-flash-lite,12,150,162,stop,
2026-01-31T12:22:49.964644,301,True,1394.00,200,gemini-2.5-flash-lite,12,150,162,stop,
2026-01-31T12:23:52.563525,302,True,1340.64,200,gemini-2.5-flash-lite,12,150,162,stop,
2026-01-31T12:24:54.908087,303,True,1250.08,200,gemini-2.5-flash-lite,12,150,162,stop,
2026-01-31T12:25:57.078607,304,True,1297.88,200,gemini-2.5-flash-lite,12,150,162,stop,
2026-01-31T12:26:59.471822,305,True,1080.62,200,gemini-2.5-flash-lite,12,150,162,stop,
2026-01-31T12:28:01.794365,306,True,1043.22,200,gemini-2.5-flash-lite,12,150,162,stop,
2026-01-31T12:29:04.259114,307,True,1198.70,200,gemini-2.5-flash-lite,12,150,162,stop,
2026-01-31T12:30:07.089020,308,True,1448.29,200,gemini-2.5-flash-lite,12,150,162,stop,
2026-01-31T12:31:09.365861,309,True,997.65,200,gemini-2.5-flash-lite,12,150,162,stop,
2026-01-31T12:32:11.662301,310,True,1138.70,200,gemini-2.5-flash-lite,12,149,161,stop,
2026-01-31T12:33:14.057260,311,True,1026.22,200,gemini-2.5-flash-lite,12,150,162,stop,
2026-01-31T12:34:16.786215,312,True,1325.57,200,gemini-2.5-flash-lite,12,150,162,stop,
2026-01-31T12:35:19.661332,313,True,1340.81,200,gemini-2.5-flash-lite,12,150,162,stop,
2026-01-31T12:36:22.564605,314,True,1373.32,200,gemini-2.5-flash-lite,12,150,162,stop,
2026-01-31T12:37:25.093354,315,True,1110.96,200,gemini-2.5-flash-lite,12,150,162,stop,
2026-01-31T12:38:27.542923,316,True,1418.55,200,gemini-2.5-flash-lite,12,150,162,stop,
2026-01-31T12:39:29.583300,317,True,1012.56,200,gemini-2.5-flash-lite,12,150,162,stop,
2026-01-31T12:40:32.144959,318,True,1257.31,200,gemini-2.5-flash-lite,12,150,162,stop,
2026-01-31T12:41:34.048570,319,True,1025.60,200,gemini-2.5-flash-lite,12,150,162,stop,
2026-01-31T12:42:36.707020,320,True,1384.29,200,gemini-2.5-flash-lite,12,150,162,stop,
2026-01-31T12:43:39.087256,321,True,1306.45,200,gemini-2.5-flash-lite,12,150,162,stop,
2026-01-31T12:44:41.112619,322,True,892.93,200,gemini-2.5-flash-lite,12,150,162,stop,
2026-01-31T12:45:44.014407,323,True,1290.43,200,gemini-2.5-flash-lite,12,150,162,stop,
2026-01-31T12:46:46.068579,324,True,1218.38,200,gemini-2.5-flash-lite,12,150,162,stop,
2026-01-31T12:47:48.425643,325,True,1434.21,200,gemini-2.5-flash-lite,12,150,162,stop,
2026-01-31T12:48:50.517713,326,True,1165.39,200,gemini-2.5-flash-lite,12,150,162,stop,
2026-01-31T12:49:52.494434,327,True,1084.09,200,gemini-2.5-flash-lite,12,150,162,stop,
2026-01-31T12:50:54.900750,328,True,1232.76,200,gemini-2.5-flash-lite,12,150,162,stop,
2026-01-31T12:51:57.565617,329,True,1412.98,200,gemini-2.5-flash-lite,12,150,162,stop,
2026-01-31T12:52:59.981891,330,True,1246.86,200,gemini-2.5-flash-lite,12,150,162,stop,
2026-01-31T12:54:02.578094,331,True,1376.46,200,gemini-2.5-flash-lite,12,150,162,stop,
2026-01-31T12:55:05.363736,332,True,1476.54,200,gemini-2.5-flash-lite,12,150,162,stop,
2026-01-31T12:56:07.752364,333,True,1128.50,200,gemini-2.5-flash-lite,12,150,162,stop,
2026-01-31T12:57:09.968780,334,True,1076.56,200,gemini-2.5-flash-lite,12,150,162,stop,
2026-01-31T12:58:12.790680,335,True,1588.35,200,gemini-2.5-flash-lite,12,150,162,stop,
2026-01-31T12:59:15.722725,336,True,1353.81,200,gemini-2.5-flash-lite,12,150,162,stop,
2026-01-31T13:00:18.559080,337,True,1433.24,200,gemini-2.5-flash-lite,12,150,162,stop,
2026-01-31T13:01:20.797156,338,True,876.72,200,gemini-2.5-flash-lite,12,150,162,stop,
2026-01-31T13:02:22.985593,339,True,1065.35,200,gemini-2.5-flash-lite,12,150,162,stop,
2026-01-31T13:03:24.938679,340,True,927.75,200,gemini-2.5-flash-lite,12,150,162,stop,
2026-01-31T13:04:27.519771,341,True,1069.47,200,gemini-2.5-flash-lite,12,150,162,stop,
2026-01-31T13:05:30.720610,342,True,1456.47,200,gemini-2.5-flash-lite,12,150,162,stop,
2026-01-31T13:06:33.633314,343,True,1582.50,200,gemini-2.5-flash-lite,12,150,162,stop,
2026-01-31T13:07:36.162181,344,True,1204.24,200,gemini-2.5-flash-lite,12,150,162,stop,
2026-01-31T13:08:38.258179,345,True,1084.24,200,gemini-2.5-flash-lite,12,150,162,stop,
2026-01-31T13:09:40.088461,346,True,997.88,200,gemini-2.5-flash-lite,12,150,162,stop,
2026-01-31T13:10:42.213696,347,True,864.64,200,gemini-2.5-flash-lite,12,150,162,stop,
