timestamp,iteration,success,status,uptime_seconds,process_memory_mb,process_memory_percent,system_total_memory_mb,system_used_memory_mb,system_available_memory_mb,system_memory_percent,threads,open_files,num_fds,connections,gc_objects,model_cache_size,error_message
2026-01-31T07:10:49.010817,1,True,healthy,1086.9607939720154,145.12890625,1.8197705657878431,7975.12109375,732.7890625,7242.33203125,9.2,6,0,16,3,207822,1,
2026-01-31T07:11:51.247438,2,True,healthy,1149.1966733932495,150.375,1.885551306773849,7975.12109375,738.06640625,7237.0546875,9.3,6,0,16,3,208497,1,
2026-01-31T07:12:53.420374,3,True,healthy,1211.3703577518463,151.6640625,1.901714854447253,7975.12109375,739.578125,7235.54296875,9.3,6,0,16,3,208581,1,
2026-01-31T07:13:55.953193,4,True,healthy,1273.9030437469482,151.6640625,1.901714854447253,7975.12109375,739.8828125,7235.23828125,9.3,6,0,16,3,208680,1,
2026-01-31T07:14:58.558583,5,True,healthy,1336.5085451602936,151.6640625,1.901714854447253,7975.12109375,740.125,7234.99609375,9.3,6,0,16,3,208779,1,
2026-01-31T07:16:00.814885,6,True,healthy,1398.7641232013702,151.6640625,1.901714854447253,7975.12109375,740.27734375,7234.84375,9.3,6,0,16,3,208878,1,
2026-01-31T07:17:02.940274,7,True,healthy,1460.889787197113,151.6640625,1.901714854447253,7975.12109375,740.51953125,7234.6015625,9.3,6,0,16,3,208496,1,
2026-01-31T07:18:05.598165,8,True,healthy,1523.5476715564728,151.6640625,1.901714854447253,7975.12109375,741.18359375,7233.9375,9.3,6,0,16,3,208578,1,
2026-01-31T07:19:07.740886,9,True,healthy,1585.6901364326477,151.6640625,1.901714854447253,7975.12109375,740.97265625,7234.1484375,9.3,6,0,16,3,208677,1,
2026-01-31T07:20:09.907837,10,True,healthy,1647.8569085597992,151.6640625,1.901714854447253,7975.12109375,741.00390625,7234.1171875,9.3,6,0,16,3,208776,1,
2026-01-31T07:21:12.525203,11,True,healthy,1710.4742600917816,151.6640625,1.901714854447253,7975.12109375,740.97265625,7234.1484375,9.3,6,0,16,3,208875,1,
2026-01-31T07:22:14.928513,12,True,healthy,1772.8774678707123,151.6640625,1.901714854447253,7975.12109375,740.97265625,7234.1484375,9.3,6,0,16,3,208495,1,
2026-01-31T07:23:17.607927,13,True,healthy,1835.548263311386,151.6640625,1.901714854447253,7975.12109375,741.09375,7234.02734375,9.3,6,0,16,3,208580,1,
2026-01-31T07:24:19.370080,14,True,healthy,1897.3192148208618,151.6640625,1.901714854447253,7975.12109375,741.125,7233.99609375,9.3,6,0,16,3,208679,1,
2026-01-31T07:25:22.073513,15,True,healthy,1960.0222268104553,151.6640625,1.901714854447253,7975.12109375,741.21484375,7233.90625,9.3,6,0,16,3,208777,1,
2026-01-31T07:26:24.232166,16,True,healthy,2022.1808457374573,151.6640625,1.901714854447253,7975.12109375,741.21484375,7233.90625,9.3,6,0,16,3,208876,1,
2026-01-31T07:27:26.482737,17,True,healthy,2084.4309694767,151.6640625,1.901714854447253,7975.12109375,741.18359375,7233.9375,9.3,6,0,16,3,208495,1,
2026-01-31T07:28:29.088784,18,True,healthy,2147.0377781391144,151.6640625,1.901714854447253,7975.12109375,741.21484375,7233.90625,9.3,6,0,16,3,208579,1,
2026-01-31T07:29:31.621743,19,True,healthy,2209.5702424049377,151.6640625,1.901714854447253,7975.12109375,741.27734375,7233.84375,9.3,6,0,16,3,208679,1,
2026-01-31T07:30:33.608797,20,True,healthy,2271.5572476387024,151.6640625,1.901714854447253,7975.12109375,741.24609375,7233.875,9.3,6,0,16,3,208778,1,
2026-01-31T07:31:35.792072,21,True,healthy,2333.7403988838196,151.6640625,1.901714854447253,7975.12109375,741.21484375,7233.90625,9.3,6,0,16,3,208877,1,
2026-01-31T07:32:37.949814,22,True,healthy,2395.8982272148132,151.6640625,1.901714854447253,7975.12109375,741.21484375,7233.90625,9.3,6,0,16,3,208421,1,
2026-01-31T07:33:40.070678,23,True,healthy,2458.0185849666595,151.6640625,1.901714854447253,7975.12109375,741.24609375,7233.875,9.3,6,0,16,3,208506,1,
2026-01-31T07:34:42.310167,24,True,healthy,2520.258231163025,151.6640625,1.901714854447253,7975.12109375,741.24609375,7233.875,9.3,6,0,16,3,208605,1,
2026-01-31T07:35:44.324342,25,True,healthy,2582.2721648216248,151.6640625,1.901714854447253,7975.12109375,741.21484375,7233.90625,9.3,6,0,16,3,208705,1,
2026-01-31T07:36:46.768503,26,True,healthy,2644.716224193573,151.6640625,1.901714854447253,7975.12109375,741.24609375,7233.875,9.3,6,0,16,3,208804,1,
2026-01-31T07:37:49.097455,27,True,healthy,2707.0384685993195,151.6640625,1.901714854447253,7975.12109375,741.18359375,7233.9375,9.3,6,0,16,3,208423,1,
2026-01-31T07:38:51.330154,28,True,healthy,2769.2779116630554,151.6640625,1.901714854447253,7975.12109375,741.27734375,7233.84375,9.3,6,0,16,3,208507,1,
2026-01-31T07:39:53.991317,29,True,healthy,2831.9388344287872,151.6640625,1.901714854447253,7975.12109375,741.3671875,7233.75390625,9.3,6,0,16,3,208606,1,
2026-01-31T07:40:56.331186,30,True,healthy,2894.278562307358,151.6640625,1.901714854447253,7975.12109375,741.3671875,7233.75390625,9.3,6,0,16,3,208700,1,
2026-01-31T07:41:58.740627,31,True,healthy,2956.687161922455,151.6640625,1.901714854447253,7975.12109375,741.3671875,7233.75390625,9.3,6,0,16,3,208799,1,
2026-01-31T07:43:01.801738,32,True,healthy,3019.7488012313843,151.6640625,1.901714854447253,7975.12109375,741.3671875,7233.75390625,9.3,6,0,16,3,208418,1,
2026-01-31T07:44:03.890550,33,True,healthy,3081.8378133773804,151.6640625,1.901714854447253,7975.12109375,741.3984375,7233.72265625,9.3,6,0,16,3,208502,1,
2026-01-31T07:45:06.188604,34,True,healthy,3144.1353662014008,151.6640625,1.901714854447253,7975.12109375,741.3984375,7233.72265625,9.3,6,0,16,3,208603,1,
2026-01-31T07:46:08.380201,35,True,healthy,3206.327231168747,151.6640625,1.901714854447253,7975.12109375,741.3046875,7233.81640625,9.3,6,0,16,3,208702,1,
2026-01-31T07:47:10.640328,36,True,healthy,3268.587341070175,151.6640625,1.901714854447253,7975.12109375,741.3671875,7233.75390625,9.3,6,0,16,3,208801,1,
2026-01-31T07:48:13.560540,37,True,healthy,3331.5074491500854,151.6640625,1.901714854447253,7975.12109375,741.3671875,7233.75390625,9.3,6,0,16,3,208420,1,
2026-01-31T07:49:15.700528,38,True,healthy,3393.6475393772125,151.6640625,1.901714854447253,7975.12109375,741.3671875,7233.75390625,9.3,6,0,16,3,208504,1,
2026-01-31T07:50:18.042865,39,True,healthy,3455.989345550537,151.6640625,1.901714854447253,7975.12109375,741.3671875,7233.75390625,9.3,6,0,16,3,208605,1,
2026-01-31T07:51:20.281100,40,True,healthy,3518.227583885193,151.6640625,1.901714854447253,7975.12109375,741.3984375,7233.72265625,9.3,6,0,16,3,208704,1,
2026-01-31T07:52:22.360720,41,True,healthy,3580.307141304016,151.6640625,1.901714854447253,7975.12109375,741.45703125,7233.6640625,9.3,6,0,16,3,208803,1,
2026-01-31T07:53:24.990019,42,True,healthy,3642.9363248348236,151.6640625,1.901714854447253,7975.12109375,741.48828125,7233.6328125,9.3,6,0,16,3,208422,1,
2026-01-31T07:54:27.072483,43,True,healthy,3705.018654346466,151.6640625,1.901714854447253,7975.12109375,741.45703125,7233.6640625,9.3,6,0,16,3,208506,1,
2026-01-31T07:55:29.473103,44,True,healthy,3767.419150829315,151.6640625,1.901714854447253,7975.12109375,741.45703125,7233.6640625,9.3,6,0,16,3,208603,1,
2026-01-31T07:56:31.581055,45,True,healthy,3829.5268952846527,151.6640625,1.901714854447253,7975.12109375,741.48828125,7233.6328125,9.3,6,0,16,3,208702,1,
2026-01-31T07:57:33.590642,46,True,healthy,3891.536418199539,151.6640625,1.901714854447253,7975.12109375,741.48828125,7233.6328125,9.3,6,0,16,3,208802,1,
2026-01-31T07:58:36.658927,47,True,healthy,3954.5962312221527,151.6640625,1.901714854447253,7975.12109375,741.51953125,7233.6015625,9.3,6,0,16,3,208421,1,
2026-01-31T07:59:39.092205,48,True,healthy,4017.038255929947,151.6640625,1.901714854447253,7975.12109375,741.48828125,7233.6328125,9.3,6,0,16,3,208505,1,
2026-01-31T08:00:40.870928,49,True,healthy,4078.816568851471,151.6640625,1.901714854447253,7975.12109375,741.45703125,7233.6640625,9.3,6,0,16,3,208603,1,
2026-01-31T08:01:43.191144,50,True,healthy,4141.136716842651,151.6640625,1.901714854447253,7975.12109375,741.609375,7233.51171875,9.3,6,0,16,3,208702,1,
2026-01-31T08:02:44.918494,51,True,healthy,4202.864036798477,151.6640625,1.901714854447253,7975.12109375,741.640625,7233.48046875,9.3,6,0,16,3,208801,1,
2026-01-31T08:03:47.079684,52,True,healthy,4265.025357723236,151.6640625,1.901714854447253,7975.12109375,741.45703125,7233.6640625,9.3,6,0,16,3,208420,1,
2026-01-31T08:04:49.603033,53,True,healthy,4327.548033952713,151.6640625,1.901714854447253,7975.12109375,741.42578125,7233.6953125,9.3,6,0,16,3,208506,1,
2026-01-31T08:05:51.990011,54,True,healthy,4389.933858633041,151.6640625,1.901714854447253,7975.12109375,741.42578125,7233.6953125,9.3,6,0,16,3,208605,1,
2026-01-31T08:06:54.196222,55,True,healthy,4452.141258955002,151.6640625,1.901714854447253,7975.12109375,741.48828125,7233.6328125,9.3,6,0,16,3,208702,1,
2026-01-31T08:07:56.390529,56,True,healthy,4514.335682153702,151.6640625,1.901714854447253,7975.12109375,741.45703125,7233.6640625,9.3,6,0,16,3,208801,1,
2026-01-31T08:08:58.528001,57,True,healthy,4576.473055362701,151.6640625,1.901714854447253,7975.12109375,741.42578125,7233.6953125,9.3,6,0,16,3,208420,1,
2026-01-31T08:10:00.419229,58,True,healthy,4638.363918304443,151.6640625,1.901714854447253,7975.12109375,741.578125,7233.54296875,9.3,6,0,16,3,208504,1,
2026-01-31T08:11:02.313071,59,True,healthy,4700.258171796799,151.6640625,1.901714854447253,7975.12109375,741.578125,7233.54296875,9.3,6,0,16,3,208603,1,
2026-01-31T08:12:05.083249,60,True,healthy,4763.027948856354,151.6640625,1.901714854447253,7975.12109375,741.578125,7233.54296875,9.3,6,0,16,3,208703,1,
2026-01-31T08:13:07.312367,61,True,healthy,4825.256896734238,151.6640625,1.901714854447253,7975.12109375,741.609375,7233.51171875,9.3,6,0,16,3,208802,1,
2026-01-31T08:14:09.410832,62,True,healthy,4887.355281591415,151.6640625,1.901714854447253,7975.12109375,741.609375,7233.51171875,9.3,6,0,16,3,208421,1,
2026-01-31T08:15:12.043122,63,True,healthy,4949.987718820572,151.6640625,1.901714854447253,7975.12109375,741.546875,7233.57421875,9.3,6,0,16,3,208505,1,
2026-01-31T08:16:14.033586,64,True,healthy,5011.977974414825,151.6640625,1.901714854447253,7975.12109375,741.546875,7233.57421875,9.3,6,0,16,3,208604,1,
2026-01-31T08:17:16.436559,65,True,healthy,5074.380984783173,151.6640625,1.901714854447253,7975.12109375,741.578125,7233.54296875,9.3,6,0,16,3,208703,1,
2026-01-31T08:18:18.479504,66,True,healthy,5136.4234623909,151.6640625,1.901714854447253,7975.12109375,741.609375,7233.51171875,9.3,6,0,16,3,208802,1,
2026-01-31T08:19:20.540226,67,True,healthy,5198.484342813492,151.6640625,1.901714854447253,7975.12109375,741.578125,7233.54296875,9.3,6,0,16,3,208422,1,
2026-01-31T08:20:22.971139,68,True,healthy,5260.915193557739,151.6640625,1.901714854447253,7975.12109375,741.578125,7233.54296875,9.3,6,0,16,3,208506,1,
2026-01-31T08:21:25.192549,69,True,healthy,5323.136365175247,151.6640625,1.901714854447253,7975.12109375,741.3515625,7233.76953125,9.3,6,0,16,3,208606,1,
2026-01-31T08:22:27.480304,70,True,healthy,5385.424122095108,151.6640625,1.901714854447253,7975.12109375,741.3984375,7233.72265625,9.3,6,0,16,3,208704,1,
2026-01-31T08:23:29.170344,71,True,healthy,5447.114086151123,151.6640625,1.901714854447253,7975.12109375,741.3359375,7233.78515625,9.3,6,0,16,3,208802,1,
2026-01-31T08:24:31.330918,72,True,healthy,5509.274277925491,151.6640625,1.901714854447253,7975.12109375,741.3359375,7233.78515625,9.3,6,0,16,3,208421,1,
2026-01-31T08:25:33.121133,73,True,healthy,5571.06457233429,151.6640625,1.901714854447253,7975.12109375,741.48828125,7233.6328125,9.3,6,0,16,3,208505,1,
2026-01-31T08:26:35.313267,74,True,healthy,5633.256467103958,151.6640625,1.901714854447253,7975.12109375,741.45703125,7233.6640625,9.3,6,0,16,3,208604,1,
2026-01-31T08:27:37.383092,75,True,healthy,5695.324133396149,151.6640625,1.901714854447253,7975.12109375,741.48828125,7233.6328125,9.3,6,0,16,3,208703,1,
2026-01-31T08:28:39.486726,76,True,healthy,5757.429844856262,151.6640625,1.901714854447253,7975.12109375,741.45703125,7233.6640625,9.3,6,0,16,3,208802,1,
2026-01-31T08:29:41.793141,77,True,healthy,5819.734930276871,151.6640625,1.901714854447253,7975.12109375,741.42578125,7233.6953125,9.3,6,0,16,3,208420,1,
2026-01-31T08:30:43.779295,78,True,healthy,5881.722306013107,151.6640625,1.901714854447253,7975.12109375,741.51953125,7233.6015625,9.3,6,0,16,3,208504,1,
2026-01-31T08:31:46.130218,79,True,healthy,5944.073215484619,151.6640625,1.901714854447253,7975.12109375,741.3125,7233.80859375,9.3,6,0,16,3,208603,1,
2026-01-31T08:32:48.377691,80,True,healthy,6006.312940597534,151.6640625,1.901714854447253,7975.12109375,741.3046875,7233.81640625,9.3,6,0,16,3,208702,1,
2026-01-31T08:33:50.593885,81,True,healthy,6068.536243677139,151.6640625,1.901714854447253,7975.12109375,741.3984375,7233.72265625,9.3,6,0,16,3,208801,1,
2026-01-31T08:34:52.560117,82,True,healthy,6130.502716064453,151.6640625,1.901714854447253,7975.12109375,741.3359375,7233.78515625,9.3,6,0,16,3,208421,1,
2026-01-31T08:35:55.215474,83,True,healthy,6193.157967805862,151.6640625,1.901714854447253,7975.12109375,741.3671875,7233.75390625,9.3,6,0,16,3,208505,1,
2026-01-31T08:36:57.380839,84,True,healthy,6255.322897195816,151.6640625,1.901714854447253,7975.12109375,741.3359375,7233.78515625,9.3,6,0,16,3,208604,1,
2026-01-31T08:37:59.510414,85,True,healthy,6317.452644824982,151.6640625,1.901714854447253,7975.12109375,741.3359375,7233.78515625,9.3,6,0,16,3,208703,1,
2026-01-31T08:39:02.224739,86,True,healthy,6380.1668581962585,151.6640625,1.901714854447253,7975.12109375,741.42578125,7233.6953125,9.3,6,0,16,3,208803,1,
2026-01-31T08:40:04.930720,87,True,healthy,6442.872521162033,151.6640625,1.901714854447253,7975.12109375,741.45703125,7233.6640625,9.3,6,0,16,3,208422,1,
2026-01-31T08:41:07.410860,88,True,healthy,6505.3526067733765,151.6640625,1.901714854447253,7975.12109375,741.3671875,7233.75390625,9.3,6,0,16,3,208506,1,
2026-01-31T08:42:09.721109,89,True,healthy,6567.66281580925,151.6640625,1.901714854447253,7975.12109375,741.3046875,7233.81640625,9.3,6,0,16,3,208605,1,
2026-01-31T08:43:11.591073,90,True,healthy,6629.532281398773,151.6640625,1.901714854447253,7975.12109375,741.3671875,7233.75390625,9.3,6,0,16,3,208703,1,
2026-01-31T08:44:13.690356,91,True,healthy,6691.631823539734,151.6640625,1.901714854447253,7975.12109375,741.3671875,7233.75390625,9.3,6,0,16,3,208802,1,
2026-01-31T08:45:16.127916,92,True,healthy,6754.069487333298,151.6640625,1.901714854447253,7975.12109375,741.3984375,7233.72265625,9.3,6,0,16,3,208421,1,
2026-01-31T08:46:18.490895,93,True,healthy,6816.430951118469,151.6640625,1.901714854447253,7975.12109375,741.3671875,7233.75390625,9.3,6,0,16,3,208505,1,
2026-01-31T08:47:20.907116,94,True,healthy,6878.848022222519,151.6640625,1.901714854447253,7975.12109375,741.3046875,7233.81640625,9.3,6,0,16,3,208603,1,
2026-01-31T08:48:23.260922,95,True,healthy,6941.201969623566,151.6640625,1.901714854447253,7975.12109375,741.3359375,7233.78515625,9.3,6,0,16,3,208702,1,
2026-01-31T08:49:25.461053,96,True,healthy,7003.402075052261,151.6640625,1.901714854447253,7975.12109375,741.3359375,7233.78515625,9.3,6,0,16,3,208801,1,
2026-01-31T08:50:27.827642,97,True,healthy,7065.768133163452,151.6640625,1.901714854447253,7975.12109375,741.3359375,7233.78515625,9.3,6,0,16,3,208420,1,
2026-01-31T08:51:30.803054,98,True,healthy,7128.743856430054,151.6640625,1.901714854447253,7975.12109375,741.3359375,7233.78515625,9.3,6,0,16,3,208504,1,
2026-01-31T08:52:33.048476,99,True,healthy,7190.980363368988,151.6640625,1.901714854447253,7975.12109375,741.3359375,7233.78515625,9.3,6,0,16,3,208605,1,
2026-01-31T08:53:35.600847,100,True,healthy,7253.541311502457,151.6640625,1.901714854447253,7975.12109375,741.45703125,7233.6640625,9.3,6,0,16,3,208704,1,
2026-01-31T08:54:38.193820,101,True,healthy,7316.133921146393,151.6640625,1.901714854447253,7975.12109375,741.45703125,7233.6640625,9.3,6,0,16,3,208803,1,
2026-01-31T08:55:40.404338,102,True,healthy,7378.3447806835175,151.6640625,1.901714854447253,7975.12109375,741.42578125,7233.6953125,9.3,6,0,16,3,208422,1,
2026-01-31T08:56:43.075010,103,True,healthy,7441.015526294708,151.6640625,1.901714854447253,7975.12109375,741.45703125,7233.6640625,9.3,6,0,16,3,208506,1,
2026-01-31T08:57:45.600064,104,True,healthy,7503.540301561356,151.6640625,1.901714854447253,7975.12109375,741.45703125,7233.6640625,9.3,6,0,16,3,208604,1,
2026-01-31T08:58:47.440514,105,True,healthy,7565.380581378937,151.6640625,1.901714854447253,7975.12109375,741.42578125,7233.6953125,9.3,6,0,16,3,208704,1,
2026-01-31T08:59:49.390386,106,True,healthy,7627.330353975296,151.6640625,1.901714854447253,7975.12109375,741.45703125,7233.6640625,9.3,6,0,16,3,208801,1,
2026-01-31T09:00:51.739443,107,True,healthy,7689.678036212921,151.6640625,1.901714854447253,7975.12109375,741.48828125,7233.6328125,9.3,6,0,16,3,208420,1,
2026-01-31T09:01:54.210223,108,True,healthy,7752.150060415268,151.6640625,1.901714854447253,7975.12109375,741.42578125,7233.6953125,9.3,6,0,16,3,208504,1,
2026-01-31T09:02:56.445548,109,True,healthy,7814.385128736496,151.6640625,1.901714854447253,7975.12109375,741.48828125,7233.6328125,9.3,6,0,16,3,208603,1,
2026-01-31T09:03:58.610342,110,True,healthy,7876.550000905991,151.6640625,1.901714854447253,7975.12109375,741.48828125,7233.6328125,9.3,6,0,16,3,208702,1,
2026-01-31T09:05:01.443792,111,True,healthy,7939.383092880249,151.6640625,1.901714854447253,7975.12109375,741.69921875,7233.421875,9.3,6,0,16,3,208801,1,
2026-01-31T09:06:04.049277,112,True,healthy,8001.988328456879,151.6640625,1.901714854447253,7975.12109375,741.609375,7233.51171875,9.3,6,0,16,3,208420,1,
2026-01-31T09:07:06.808160,113,True,healthy,8064.747429847717,151.6640625,1.901714854447253,7975.12109375,741.546875,7233.57421875,9.3,6,0,16,3,208504,1,
2026-01-31T09:08:09.067877,114,True,healthy,8126.996719360352,151.6640625,1.901714854447253,7975.12109375,741.76171875,7233.359375,9.3,6,0,16,3,208603,1,
2026-01-31T09:09:11.099278,115,True,healthy,8189.038025856018,151.6640625,1.901714854447253,7975.12109375,741.359375,7233.76171875,9.3,6,0,16,3,208702,1,
2026-01-31T09:10:14.180747,116,True,healthy,8252.119302272797,151.6640625,1.901714854447253,7975.12109375,741.3359375,7233.78515625,9.3,6,0,16,3,208802,1,
2026-01-31T09:11:16.963460,117,True,healthy,8314.902445316315,151.6640625,1.901714854447253,7975.12109375,741.3359375,7233.78515625,9.3,6,0,16,3,208421,1,
2026-01-31T09:12:19.260504,118,True,healthy,8377.199260473251,151.6640625,1.901714854447253,7975.12109375,741.3671875,7233.75390625,9.3,6,0,16,3,208505,1,
2026-01-31T09:13:21.830653,119,True,healthy,8439.769088029861,151.6640625,1.901714854447253,7975.12109375,741.3671875,7233.75390625,9.3,6,0,16,3,208605,1,
2026-01-31T09:14:24.022669,120,True,healthy,8501.961099147797,151.6640625,1.901714854447253,7975.12109375,741.3359375,7233.78515625,9.3,6,0,16,3,208704,1,
2026-01-31T09:15:26.342439,121,True,healthy,8564.28090262413,151.6640625,1.901714854447253,7975.12109375,741.3046875,7233.81640625,9.3,6,0,16,3,208803,1,
2026-01-31T09:16:28.397187,122,True,healthy,8626.335772752762,151.6640625,1.901714854447253,7975.12109375,741.3359375,7233.78515625,9.3,6,0,16,3,208422,1,
2026-01-31T09:17:31.060623,123,True,healthy,8688.998745918274,151.6640625,1.901714854447253,7975.12109375,741.3359375,7233.78515625,9.3,6,0,16,3,208506,1,
2026-01-31T09:18:33.363961,124,True,healthy,8751.302080154419,151.6640625,1.901714854447253,7975.12109375,741.3359375,7233.78515625,9.3,6,0,16,3,208604,1,
2026-01-31T09:19:35.822793,125,True,healthy,8813.761098384857,151.6640625,1.901714854447253,7975.12109375,741.3359375,7233.78515625,9.3,6,0,16,3,208703,1,
2026-01-31T09:20:38.330384,126,True,healthy,8876.268424749374,151.6640625,1.901714854447253,7975.12109375,741.3359375,7233.78515625,9.3,6,0,16,3,208802,1,
2026-01-31T09:21:40.703881,127,True,healthy,8938.641782045364,151.6640625,1.901714854447253,7975.12109375,741.3359375,7233.78515625,9.3,6,0,16,3,208420,1,
2026-01-31T09:22:42.732801,128,True,healthy,9000.670590877533,151.6640625,1.901714854447253,7975.12109375,741.3671875,7233.75390625,9.3,6,0,16,3,208506,1,
2026-01-31T09:23:45.141219,129,True,healthy,9063.078560113907,151.6640625,1.901714854447253,7975.12109375,741.45703125,7233.6640625,9.3,6,0,16,3,208605,1,
2026-01-31T09:24:47.251682,130,True,healthy,9125.189429044724,151.6640625,1.901714854447253,7975.12109375,741.48828125,7233.6328125,9.3,6,0,16,3,208704,1,
2026-01-31T09:25:49.634773,131,True,healthy,9187.57242655754,151.6640625,1.901714854447253,7975.12109375,741.48828125,7233.6328125,9.3,6,0,16,3,208803,1,
2026-01-31T09:26:51.858266,132,True,healthy,9249.79545712471,151.6640625,1.901714854447253,7975.12109375,741.45703125,7233.6640625,9.3,6,0,16,3,208422,1,
2026-01-31T09:27:54.320423,133,True,healthy,9312.257721662521,151.6640625,1.901714854447253,7975.12109375,741.48828125,7233.6328125,9.3,6,0,16,3,208505,1,
2026-01-31T09:28:56.220093,134,True,healthy,9374.157339811325,151.6640625,1.901714854447253,7975.12109375,741.45703125,7233.6640625,9.3,6,0,16,3,208603,1,
2026-01-31T09:29:58.382365,135,True,healthy,9436.3194231987,151.6640625,1.901714854447253,7975.12109375,741.45703125,7233.6640625,9.3,6,0,16,3,208702,1,
2026-01-31T09:31:00.180477,136,True,healthy,9498.117470741272,151.6640625,1.901714854447253,7975.12109375,741.45703125,7233.6640625,9.3,6,0,16,3,208801,1,
2026-01-31T09:32:02.488663,137,True,healthy,9560.41729593277,151.6640625,1.901714854447253,7975.12109375,741.39453125,7233.7265625,9.3,6,0,16,3,208420,1,
2026-01-31T09:33:05.440642,138,True,healthy,9623.377106904984,151.6640625,1.901714854447253,7975.12109375,741.48828125,7233.6328125,9.3,6,0,16,3,208506,1,
2026-01-31T09:34:07.730939,139,True,healthy,9685.667271614075,151.6640625,1.901714854447253,7975.12109375,741.45703125,7233.6640625,9.3,6,0,16,3,208605,1,
2026-01-31T09:35:10.159742,140,True,healthy,9748.096129894257,151.6640625,1.901714854447253,7975.12109375,741.42578125,7233.6953125,9.3,6,0,16,3,208704,1,
2026-01-31T09:36:12.125995,141,True,healthy,9810.062361240387,151.6640625,1.901714854447253,7975.12109375,741.51953125,7233.6015625,9.3,6,0,16,3,208803,1,
2026-01-31T09:37:14.778807,142,True,healthy,9872.715210199356,151.6640625,1.901714854447253,7975.12109375,741.578125,7233.54296875,9.3,6,0,16,3,208422,1,
2026-01-31T09:38:17.450250,143,True,healthy,9935.386560201645,151.6640625,1.901714854447253,7975.12109375,741.578125,7233.54296875,9.3,6,0,16,3,208506,1,
2026-01-31T09:39:19.460114,144,True,healthy,9997.396394252777,151.6640625,1.901714854447253,7975.12109375,741.578125,7233.54296875,9.3,6,0,16,3,208604,1,
2026-01-31T09:40:21.844914,145,True,healthy,10059.780764818192,151.6640625,1.901714854447253,7975.12109375,741.45703125,7233.6640625,9.3,6,0,16,3,208704,1,
2026-01-31T09:41:23.810450,146,True,healthy,10121.746476650238,151.6640625,1.901714854447253,7975.12109375,741.51953125,7233.6015625,9.3,6,0,16,3,208803,1,
2026-01-31T09:42:26.350126,147,True,healthy,10184.286108732224,151.6640625,1.901714854447253,7975.12109375,741.45703125,7233.6640625,9.3,6,0,16,3,208422,1,
2026-01-31T09:43:28.580096,148,True,healthy,10246.515772819519,151.6640625,1.901714854447253,7975.12109375,741.42578125,7233.6953125,9.3,6,0,16,3,208506,1,
2026-01-31T09:44:30.727271,149,True,healthy,10308.663068532944,151.6640625,1.901714854447253,7975.12109375,741.51953125,7233.6015625,9.3,6,0,16,3,208605,1,
2026-01-31T09:45:33.150324,150,True,healthy,10371.085784196854,151.6640625,1.901714854447253,7975.12109375,741.48828125,7233.6328125,9.3,6,0,16,3,208704,1,
2026-01-31T09:46:35.730659,151,True,healthy,10433.666046619415,151.6640625,1.901714854447253,7975.12109375,741.48828125,7233.6328125,9.3,6,0,16,3,208801,1,
2026-01-31T09:47:38.111379,152,True,healthy,10496.046862363815,151.6640625,1.901714854447253,7975.12109375,741.51953125,7233.6015625,9.3,6,0,16,3,208420,1,
2026-01-31T09:48:40.500574,153,True,healthy,10558.435915708542,151.6640625,1.901714854447253,7975.12109375,741.578125,7233.54296875,9.3,6,0,16,3,208504,1,
2026-01-31T09:49:42.683291,154,True,healthy,10620.618631124496,151.6640625,1.901714854447253,7975.12109375,741.640625,7233.48046875,9.3,6,0,16,3,208603,1,
2026-01-31T09:50:45.180526,155,True,healthy,10683.115524053574,151.6640625,1.901714854447253,7975.12109375,741.578125,7233.54296875,9.3,6,0,16,3,208702,1,
2026-01-31T09:51:47.603278,156,True,healthy,10745.538652420044,151.6640625,1.901714854447253,7975.12109375,741.609375,7233.51171875,9.3,6,0,16,3,208801,1,
2026-01-31T09:52:49.450300,157,True,healthy,10807.385118484497,151.6640625,1.901714854447253,7975.12109375,741.5859375,7233.53515625,9.3,6,0,16,3,208419,1,
2026-01-31T09:53:51.410623,158,True,healthy,10869.345337629318,151.6640625,1.901714854447253,7975.12109375,741.578125,7233.54296875,9.3,6,0,16,3,208503,1,
2026-01-31T09:54:53.810679,159,True,healthy,10931.745005607605,151.6640625,1.901714854447253,7975.12109375,741.48828125,7233.6328125,9.3,6,0,16,3,208602,1,
2026-01-31T09:55:56.310408,160,True,healthy,10994.244986534119,151.6640625,1.901714854447253,7975.12109375,741.45703125,7233.6640625,9.3,6,0,16,3,208701,1,
2026-01-31T09:56:58.947598,161,True,healthy,11056.875067949295,151.6640625,1.901714854447253,7975.12109375,741.45703125,7233.6640625,9.3,6,0,16,3,208802,1,
2026-01-31T09:58:01.047909,162,True,healthy,11118.974879264832,151.6640625,1.901714854447253,7975.12109375,741.3359375,7233.78515625,9.3,6,0,16,3,208421,1,
2026-01-31T09:59:03.829066,163,True,healthy,11181.755238771439,151.6640625,1.901714854447253,7975.12109375,741.3671875,7233.75390625,9.3,6,0,16,3,208505,1,
2026-01-31T10:00:06.470070,164,True,healthy,11244.40403175354,151.6640625,1.901714854447253,7975.12109375,741.3359375,7233.78515625,9.3,6,0,16,3,208604,1,
2026-01-31T10:01:08.897891,165,True,healthy,11306.82670879364,151.6640625,1.901714854447253,7975.12109375,741.3359375,7233.78515625,9.3,6,0,16,3,208703,1,
2026-01-31T10:02:11.477100,166,True,healthy,11369.41044330597,151.6640625,1.901714854447253,7975.12109375,741.3671875,7233.75390625,9.3,6,0,16,3,208802,1,
2026-01-31T10:03:13.688139,167,True,healthy,11431.621920108795,151.6640625,1.901714854447253,7975.12109375,741.3671875,7233.75390625,9.3,6,0,16,3,208421,1,
2026-01-31T10:04:15.910315,168,True,healthy,11493.842525959015,151.6640625,1.901714854447253,7975.12109375,741.51953125,7233.6015625,9.3,6,0,16,3,208505,1,
2026-01-31T10:05:17.890138,169,True,healthy,11555.823951482773,151.6640625,1.901714854447253,7975.12109375,741.609375,7233.51171875,9.3,6,0,16,3,208604,1,
2026-01-31T10:06:20.187385,170,True,healthy,11618.120864868164,151.6640625,1.901714854447253,7975.12109375,741.578125,7233.54296875,9.3,6,0,16,3,208702,1,
2026-01-31T10:07:22.601812,171,True,healthy,11680.53512597084,151.6640625,1.901714854447253,7975.12109375,741.609375,7233.51171875,9.3,6,0,16,3,208801,1,
2026-01-31T10:08:25.556888,172,True,healthy,11743.489954948425,151.6640625,1.901714854447253,7975.12109375,741.546875,7233.57421875,9.3,6,0,16,3,208420,1,
2026-01-31T10:09:27.913881,173,True,healthy,11805.847198724747,151.6640625,1.901714854447253,7975.12109375,741.609375,7233.51171875,9.3,6,0,16,3,208504,1,
2026-01-31T10:10:30.035006,174,True,healthy,11867.967625617981,151.6640625,1.901714854447253,7975.12109375,741.578125,7233.54296875,9.3,6,0,16,3,208603,1,
2026-01-31T10:11:32.550551,175,True,healthy,11930.48335814476,151.6640625,1.901714854447253,7975.12109375,741.640625,7233.48046875,9.3,6,0,16,3,208703,1,
2026-01-31T10:12:34.899990,176,True,healthy,11992.83295416832,151.6640625,1.901714854447253,7975.12109375,741.609375,7233.51171875,9.3,6,0,16,3,208802,1,
2026-01-31T10:13:37.433468,177,True,healthy,12055.36632680893,151.6640625,1.901714854447253,7975.12109375,741.515625,7233.60546875,9.3,6,0,16,3,208421,1,
2026-01-31T10:14:39.357457,178,True,healthy,12117.290269851685,151.6640625,1.901714854447253,7975.12109375,741.45703125,7233.6640625,9.3,6,0,16,3,208505,1,
2026-01-31T10:15:41.851654,179,True,healthy,12179.784145832062,151.6640625,1.901714854447253,7975.12109375,741.45703125,7233.6640625,9.3,6,0,16,3,208604,1,
2026-01-31T10:16:44.398655,180,True,healthy,12242.331057310104,151.6640625,1.901714854447253,7975.12109375,741.609375,7233.51171875,9.3,6,0,16,3,208703,1,
2026-01-31T10:17:46.876326,181,True,healthy,12304.808662891388,151.6640625,1.901714854447253,7975.12109375,741.49609375,7233.625,9.3,6,0,16,3,208802,1,
2026-01-31T10:18:49.502830,182,True,healthy,12367.435103178024,151.6640625,1.901714854447253,7975.12109375,741.48828125,7233.6328125,9.3,6,0,16,3,208421,1,
2026-01-31T10:19:51.970603,183,True,healthy,12429.902871608734,151.6640625,1.901714854447253,7975.12109375,741.48828125,7233.6328125,9.3,6,0,16,3,208505,1,
2026-01-31T10:20:54.070433,184,True,healthy,12492.00237584114,151.6640625,1.901714854447253,7975.12109375,741.48828125,7233.6328125,9.3,6,0,16,3,208604,1,
2026-01-31T10:21:56.812805,185,True,healthy,12554.74464917183,151.6640625,1.901714854447253,7975.12109375,741.48828125,7233.6328125,9.3,6,0,16,3,208703,1,
2026-01-31T10:22:59.009101,186,True,healthy,12616.94089269638,151.6640625,1.901714854447253,7975.12109375,741.42578125,7233.6953125,9.3,6,0,16,3,208802,1,
2026-01-31T10:24:01.324046,187,True,healthy,12679.255554199219,151.6640625,1.901714854447253,7975.12109375,741.3359375,7233.78515625,9.3,6,0,16,3,208421,1,
2026-01-31T10:25:03.577467,188,True,healthy,12741.50795674324,151.6640625,1.901714854447253,7975.12109375,741.3359375,7233.78515625,9.3,6,0,16,3,208505,1,
2026-01-31T10:26:06.421477,189,True,healthy,12804.351511955261,151.6640625,1.901714854447253,7975.12109375,741.3671875,7233.75390625,9.3,6,0,16,3,208604,1,
2026-01-31T10:27:09.130399,190,True,healthy,12867.061802625656,151.6640625,1.901714854447253,7975.12109375,741.3359375,7233.78515625,9.3,6,0,16,3,208703,1,
2026-01-31T10:28:11.810631,191,True,healthy,12929.741770982742,151.6640625,1.901714854447253,7975.12109375,741.3359375,7233.78515625,9.3,6,0,16,3,208802,1,
2026-01-31T10:29:13.792336,192,True,healthy,12991.723248720169,151.6640625,1.901714854447253,7975.12109375,741.3671875,7233.75390625,9.3,6,0,16,3,208421,1,
2026-01-31T10:30:16.305631,193,True,healthy,13054.236621379852,151.6640625,1.901714854447253,7975.12109375,741.578125,7233.54296875,9.3,6,0,16,3,208510,1,
2026-01-31T10:31:19.032851,194,True,healthy,13116.962916135788,151.6640625,1.901714854447253,7975.12109375,744.36328125,7230.7578125,9.3,6,0,20,7,209219,1,
2026-01-31T10:32:21.112002,195,True,healthy,13179.042847633362,151.6640625,1.901714854447253,7975.12109375,744.42578125,7230.6953125,9.3,6,0,16,3,209164,1,
2026-01-31T10:33:22.930519,196,True,healthy,13240.861213684082,151.6640625,1.901714854447253,7975.12109375,743.1796875,7231.94140625,9.3,6,0,16,3,209263,1,
2026-01-31T10:34:25.489182,197,True,healthy,13303.419701576233,151.6640625,1.901714854447253,7975.12109375,743.18359375,7231.9375,9.3,6,0,16,3,209362,1,
2026-01-31T10:35:28.850056,198,True,healthy,13366.780606508255,151.6640625,1.901714854447253,7975.12109375,742.6484375,7232.47265625,9.3,6,0,16,3,209462,1,
2026-01-31T10:36:31.250755,199,True,healthy,13429.180892467499,151.6640625,1.901714854447253,7975.12109375,742.69921875,7232.421875,9.3,6,0,16,3,209561,1,
2026-01-31T10:37:33.820650,200,True,healthy,13491.750966787338,151.6640625,1.901714854447253,7975.12109375,742.578125,7232.54296875,9.3,6,0,16,3,209080,1,
2026-01-31T10:38:36.417828,201,True,healthy,13554.340884685516,151.6640625,1.901714854447253,7975.12109375,742.546875,7232.57421875,9.3,6,0,16,3,209164,1,
2026-01-31T10:39:38.651756,202,True,healthy,13616.581822395325,151.6640625,1.901714854447253,7975.12109375,742.609375,7232.51171875,9.3,6,0,16,3,209264,1,
2026-01-31T10:40:41.161466,203,True,healthy,13679.089678049088,151.6640625,1.901714854447253,7975.12109375,742.73046875,7232.390625,9.3,6,0,16,3,209363,1,
2026-01-31T10:41:43.262254,204,True,healthy,13741.192010641098,151.6640625,1.901714854447253,7975.12109375,742.6484375,7232.47265625,9.3,6,0,16,3,209462,1,
2026-01-31T10:42:45.611636,205,True,healthy,13803.53987121582,151.6640625,1.901714854447253,7975.12109375,742.609375,7232.51171875,9.3,6,0,16,3,209081,1,
2026-01-31T10:43:48.450364,206,True,healthy,13866.379998922348,151.6640625,1.901714854447253,7975.12109375,742.546875,7232.57421875,9.3,6,0,16,3,209165,1,
2026-01-31T10:44:50.450093,207,True,healthy,13928.379823923111,151.6640625,1.901714854447253,7975.12109375,742.609375,7232.51171875,9.3,6,0,16,3,209263,1,
2026-01-31T10:45:52.790152,208,True,healthy,13990.7196662426,151.6640625,1.901714854447253,7975.12109375,742.546875,7232.57421875,9.3,6,0,16,3,209362,1,
2026-01-31T10:46:55.171474,209,True,healthy,14053.099797725677,151.6640625,1.901714854447253,7975.12109375,742.578125,7232.54296875,9.3,6,0,16,3,209461,1,
2026-01-31T10:47:57.841173,210,True,healthy,14115.770237445831,151.6640625,1.901714854447253,7975.12109375,742.578125,7232.54296875,9.3,6,0,16,3,209080,1,
2026-01-31T10:49:00.320371,211,True,healthy,14178.249466657639,151.6640625,1.901714854447253,7975.12109375,742.609375,7232.51171875,9.3,6,0,16,3,209165,1,
2026-01-31T10:50:07.557201,212,True,healthy,14245.485610723495,151.6640625,1.901714854447253,7975.12109375,742.73046875,7232.390625,9.3,6,0,16,3,209264,1,
2026-01-31T10:51:09.460484,213,True,healthy,14307.389318466187,151.6640625,1.901714854447253,7975.12109375,742.8515625,7232.26953125,9.3,6,0,16,3,209363,1,
2026-01-31T10:52:11.995864,214,True,healthy,14369.924704790115,151.6640625,1.901714854447253,7975.12109375,742.74609375,7232.375,9.3,6,0,16,3,209462,1,
2026-01-31T10:53:14.287212,215,True,healthy,14432.216184616089,151.6640625,1.901714854447253,7975.12109375,742.578125,7232.54296875,9.3,6,0,16,3,209080,1,
2026-01-31T10:54:16.368834,216,True,healthy,14494.297350883484,151.6640625,1.901714854447253,7975.12109375,742.546875,7232.57421875,9.3,6,0,16,3,209164,1,
2026-01-31T10:55:18.472439,217,True,healthy,14556.401022195816,151.6640625,1.901714854447253,7975.12109375,742.609375,7232.51171875,9.3,6,0,16,3,209263,1,
2026-01-31T10:56:21.073724,218,True,healthy,14619.002064704895,151.6640625,1.901714854447253,7975.12109375,742.49609375,7232.625,9.3,6,0,16,3,209362,1,
2026-01-31T10:57:23.206661,219,True,healthy,14681.132807970047,151.6640625,1.901714854447253,7975.12109375,742.640625,7232.48046875,9.3,6,0,16,3,209462,1,
2026-01-31T10:58:25.550247,220,True,healthy,14743.478561162949,151.6640625,1.901714854447253,7975.12109375,742.609375,7232.51171875,9.3,6,0,16,3,209081,1,
2026-01-31T10:59:28.190755,221,True,healthy,14806.118607282639,151.6640625,1.901714854447253,7975.12109375,742.578125,7232.54296875,9.3,6,0,16,3,209164,1,
2026-01-31T11:00:30.330597,222,True,healthy,14868.258700847626,151.6640625,1.901714854447253,7975.12109375,742.578125,7232.54296875,9.3,6,0,16,3,209263,1,
2026-01-31T11:01:32.669603,223,True,healthy,14930.597106933594,151.6640625,1.901714854447253,7975.12109375,742.609375,7232.51171875,9.3,6,0,16,3,209362,1,
2026-01-31T11:02:34.952662,224,True,healthy,14992.88036942482,151.6640625,1.901714854447253,7975.12109375,742.49609375,7232.625,9.3,6,0,16,3,209462,1,
2026-01-31T11:03:37.765148,225,True,healthy,15055.692366600037,151.6640625,1.901714854447253,7975.12109375,742.48828125,7232.6328125,9.3,6,0,16,3,209080,1,
2026-01-31T11:04:40.227424,226,True,healthy,15118.148564100266,151.6640625,1.901714854447253,7975.12109375,742.45703125,7232.6640625,9.3,6,0,16,3,209164,1,
2026-01-31T11:05:43.199011,227,True,healthy,15181.12642455101,151.6640625,1.901714854447253,7975.12109375,742.48828125,7232.6328125,9.3,6,0,16,3,209263,1,
2026-01-31T11:06:45.150491,228,True,healthy,15243.077704668045,151.6640625,1.901714854447253,7975.12109375,742.42578125,7232.6953125,9.3,6,0,16,3,209362,1,
2026-01-31T11:07:47.708433,229,True,healthy,15305.635801792145,151.6640625,1.901714854447253,7975.12109375,742.609375,7232.51171875,9.3,6,0,16,3,209461,1,
2026-01-31T11:08:50.532736,230,True,healthy,15368.459921598434,151.6640625,1.901714854447253,7975.12109375,742.609375,7232.51171875,9.3,6,0,16,3,209080,1,
2026-01-31T11:09:53.160640,231,True,healthy,15431.087600946426,151.6640625,1.901714854447253,7975.12109375,742.578125,7232.54296875,9.3,6,0,16,3,209164,1,
2026-01-31T11:10:55.410351,232,True,healthy,15493.336913824081,151.6640625,1.901714854447253,7975.12109375,742.45703125,7232.6640625,9.3,6,0,16,3,209263,1,
2026-01-31T11:11:57.985682,233,True,healthy,15555.912462711334,151.6640625,1.901714854447253,7975.12109375,742.48828125,7232.6328125,9.3,6,0,16,3,209362,1,
2026-01-31T11:13:00.204673,234,True,healthy,15618.131620168686,151.6640625,1.901714854447253,7975.12109375,742.45703125,7232.6640625,9.3,6,0,16,3,209462,1,
2026-01-31T11:14:02.531200,235,True,healthy,15680.457753419876,151.6640625,1.901714854447253,7975.12109375,742.48828125,7232.6328125,9.3,6,0,16,3,209079,1,
2026-01-31T11:15:05.079069,236,True,healthy,15743.00557565689,151.6640625,1.901714854447253,7975.12109375,742.45703125,7232.6640625,9.3,6,0,16,3,209163,1,
2026-01-31T11:16:08.020590,237,True,healthy,15805.947235107422,151.6640625,1.901714854447253,7975.12109375,742.45703125,7232.6640625,9.3,6,0,16,3,209262,1,
2026-01-31T11:17:10.321451,238,True,healthy,15868.246527433395,151.6640625,1.901714854447253,7975.12109375,742.45703125,7232.6640625,9.3,6,0,16,3,209362,1,
2026-01-31T11:18:12.381673,239,True,healthy,15930.306873083115,151.6640625,1.901714854447253,7975.12109375,742.48828125,7232.6328125,9.3,6,0,16,3,209461,1,
2026-01-31T11:19:14.856186,240,True,healthy,15992.782502651215,151.6640625,1.901714854447253,7975.12109375,742.609375,7232.51171875,9.3,6,0,16,3,209081,1,
2026-01-31T11:20:17.417162,241,True,healthy,16055.342754602432,151.6640625,1.901714854447253,7975.12109375,742.578125,7232.54296875,9.3,6,0,16,3,209165,1,
2026-01-31T11:21:19.650419,242,True,healthy,16117.57619214058,151.6640625,1.901714854447253,7975.12109375,742.609375,7232.51171875,9.3,6,0,16,3,209264,1,
2026-01-31T11:22:21.892740,243,True,healthy,16179.817932844162,151.6640625,1.901714854447253,7975.12109375,742.640625,7232.48046875,9.3,6,0,16,3,209363,1,
2026-01-31T11:23:23.907181,244,True,healthy,16241.83310174942,151.6640625,1.901714854447253,7975.12109375,742.515625,7232.60546875,9.3,6,0,16,3,209461,1,
2026-01-31T11:24:26.550825,245,True,healthy,16304.476457357407,151.6640625,1.901714854447253,7975.12109375,742.609375,7232.51171875,9.3,6,0,16,3,209080,1,
2026-01-31T11:25:28.870181,246,True,healthy,16366.796072244644,151.6640625,1.901714854447253,7975.12109375,742.49609375,7232.625,9.3,6,0,16,3,209164,1,
2026-01-31T11:26:31.190562,247,True,healthy,16429.11624264717,151.6640625,1.901714854447253,7975.12109375,742.45703125,7232.6640625,9.3,6,0,16,3,209263,1,
2026-01-31T11:27:33.550194,248,True,healthy,16491.47548031807,151.6640625,1.901714854447253,7975.12109375,742.51953125,7232.6015625,9.3,6,0,16,3,209363,1,
2026-01-31T11:28:40.970145,249,True,healthy,16558.895652532578,151.6640625,1.901714854447253,7975.12109375,742.51953125,7232.6015625,9.3,6,0,16,3,209462,1,
2026-01-31T11:29:43.250474,250,True,healthy,16621.17578315735,151.6640625,1.901714854447253,7975.12109375,742.34375,7232.77734375,9.3,6,0,16,3,209081,1,
2026-01-31T11:30:45.139054,251,True,healthy,16683.064373731613,151.6640625,1.901714854447253,7975.12109375,742.3671875,7232.75390625,9.3,6,0,16,3,209165,1,
2026-01-31T11:31:47.647655,252,True,healthy,16745.572588205338,151.6640625,1.901714854447253,7975.12109375,742.3359375,7232.78515625,9.3,6,0,16,3,209263,1,
2026-01-31T11:32:50.460693,253,True,healthy,16808.385411977768,151.6640625,1.901714854447253,7975.12109375,742.3046875,7232.81640625,9.3,6,0,16,3,209362,1,
2026-01-31T11:33:53.571642,254,True,healthy,16871.495589733124,151.6640625,1.901714854447253,7975.12109375,742.3359375,7232.78515625,9.3,6,0,16,3,209461,1,
2026-01-31T11:34:56.120728,255,True,healthy,16934.045075416565,151.6640625,1.901714854447253,7975.12109375,742.51953125,7232.6015625,9.3,6,0,16,3,209080,1,
2026-01-31T11:35:58.733701,256,True,healthy,16996.658414125443,151.6640625,1.901714854447253,7975.12109375,742.51953125,7232.6015625,9.3,6,0,16,3,209164,1,
2026-01-31T11:37:01.159488,257,True,healthy,17059.08454155922,151.6640625,1.901714854447253,7975.12109375,742.55078125,7232.5703125,9.3,6,0,16,3,209263,1,
2026-01-31T11:38:03.510384,258,True,healthy,17121.434896945953,151.6640625,1.901714854447253,7975.12109375,742.48828125,7232.6328125,9.3,6,0,16,3,209362,1,
2026-01-31T11:39:05.942387,259,True,healthy,17183.86581301689,151.6640625,1.901714854447253,7975.12109375,742.48828125,7232.6328125,9.3,6,0,16,3,209461,1,
2026-01-31T11:40:08.122718,260,True,healthy,17246.046897411346,151.6640625,1.901714854447253,7975.12109375,742.55078125,7232.5703125,9.3,6,0,16,3,209080,1,
2026-01-31T11:41:10.853273,261,True,healthy,17308.77630162239,151.6640625,1.901714854447253,7975.12109375,742.48828125,7232.6328125,9.3,6,0,16,3,209163,1,
2026-01-31T11:42:13.624413,262,True,healthy,17371.548844337463,151.6640625,1.901714854447253,7975.12109375,742.51953125,7232.6015625,9.3,6,0,16,3,209262,1,
2026-01-31T11:43:16.109690,263,True,healthy,17434.033383846283,151.6640625,1.901714854447253,7975.12109375,742.51953125,7232.6015625,9.3,6,0,16,3,209361,1,
2026-01-31T11:44:18.795082,264,True,healthy,17496.71875834465,151.6640625,1.901714854447253,7975.12109375,742.48828125,7232.6328125,9.3,6,0,16,3,209460,1,
2026-01-31T11:45:21.308594,265,True,healthy,17559.226610183716,151.6640625,1.901714854447253,7975.12109375,742.51953125,7232.6015625,9.3,6,0,16,3,209079,1,
2026-01-31T11:46:23.703331,266,True,healthy,17621.6270070076,151.6640625,1.901714854447253,7975.12109375,742.51953125,7232.6015625,9.3,6,0,16,3,209165,1,
2026-01-31T11:47:26.270443,267,True,healthy,17684.194014310837,151.6640625,1.901714854447253,7975.12109375,742.55078125,7232.5703125,9.3,6,0,16,3,209264,1,
2026-01-31T11:48:28.426623,268,True,healthy,17746.35030722618,151.6640625,1.901714854447253,7975.12109375,742.48828125,7232.6328125,9.3,6,0,16,3,209363,1,
2026-01-31T11:49:30.960053,269,True,healthy,17808.883700847626,151.6640625,1.901714854447253,7975.12109375,742.51953125,7232.6015625,9.3,6,0,16,3,209462,1,
2026-01-31T11:50:33.206026,270,True,healthy,17871.12925028801,151.6640625,1.901714854447253,7975.12109375,742.42578125,7232.6953125,9.3,6,0,16,3,209081,1,
2026-01-31T11:51:35.171390,271,True,healthy,17933.09473824501,151.6640625,1.901714854447253,7975.12109375,742.55078125,7232.5703125,9.3,6,0,16,3,209164,1,
2026-01-31T11:52:37.490611,272,True,healthy,17995.41386604309,151.6640625,1.901714854447253,7975.12109375,742.55078125,7232.5703125,9.3,6,0,16,3,209263,1,
2026-01-31T11:53:39.879180,273,True,healthy,18057.802453756332,151.6640625,1.901714854447253,7975.12109375,742.45703125,7232.6640625,9.3,6,0,16,3,209362,1,
2026-01-31T11:54:42.280070,274,True,healthy,18120.203216552734,151.6640625,1.901714854447253,7975.12109375,742.51953125,7232.6015625,9.3,6,0,16,3,209464,1,
2026-01-31T11:55:44.899580,275,True,healthy,18182.823051691055,151.6640625,1.901714854447253,7975.12109375,742.48828125,7232.6328125,9.3,6,0,16,3,209082,1,
2026-01-31T11:56:47.516256,276,True,healthy,18245.43963909149,151.6640625,1.901714854447253,7975.12109375,742.48828125,7232.6328125,9.3,6,0,16,3,209166,1,
2026-01-31T11:57:49.908473,277,True,healthy,18307.831476926804,151.6640625,1.901714854447253,7975.12109375,742.55078125,7232.5703125,9.3,6,0,16,3,209265,1,
2026-01-31T11:58:52.387257,278,True,healthy,18370.30998325348,151.6640625,1.901714854447253,7975.12109375,742.640625,7232.48046875,9.3,6,0,16,3,209364,1,
2026-01-31T11:59:54.496861,279,True,healthy,18432.41961479187,151.6640625,1.901714854447253,7975.12109375,742.640625,7232.48046875,9.3,6,0,16,3,209463,1,
2026-01-31T12:00:56.570512,280,True,healthy,18494.493097543716,151.6640625,1.901714854447253,7975.12109375,742.609375,7232.51171875,9.3,6,0,16,3,209082,1,
2026-01-31T12:01:58.639468,281,True,healthy,18556.562339305878,151.6640625,1.901714854447253,7975.12109375,742.609375,7232.51171875,9.3,6,0,16,3,209166,1,
2026-01-31T12:03:01.238107,282,True,healthy,18619.160360097885,151.6640625,1.901714854447253,7975.12109375,742.640625,7232.48046875,9.3,6,0,16,3,209265,1,
2026-01-31T12:04:03.610679,283,True,healthy,18681.532910823822,151.6640625,1.901714854447253,7975.12109375,742.640625,7232.48046875,9.3,6,0,16,3,209364,1,
2026-01-31T12:05:05.370597,284,True,healthy,18743.292959690094,151.6640625,1.901714854447253,7975.12109375,742.3828125,7232.73828125,9.3,6,0,16,3,209461,1,
2026-01-31T12:06:07.731083,285,True,healthy,18805.652839899063,151.6640625,1.901714854447253,7975.12109375,742.3984375,7232.72265625,9.3,6,0,16,3,209080,1,
2026-01-31T12:07:10.400857,286,True,healthy,18868.322497606277,151.6640625,1.901714854447253,7975.12109375,742.3671875,7232.75390625,9.3,6,0,16,3,209164,1,
2026-01-31T12:08:13.535092,287,True,healthy,18931.456847429276,151.6640625,1.901714854447253,7975.12109375,742.4296875,7232.69140625,9.3,6,0,16,3,209263,1,
2026-01-31T12:09:15.988866,288,True,healthy,18993.910753011703,151.6640625,1.901714854447253,7975.12109375,742.3984375,7232.72265625,9.3,6,0,16,3,209364,1,
2026-01-31T12:10:18.527575,289,True,healthy,19056.442452192307,151.6640625,1.901714854447253,7975.12109375,742.48828125,7232.6328125,9.3,6,0,16,3,209463,1,
2026-01-31T12:11:21.234702,290,True,healthy,19119.156477451324,151.6640625,1.901714854447253,7975.12109375,742.48828125,7232.6328125,9.3,6,0,16,3,209082,1,
2026-01-31T12:12:24.081340,291,True,healthy,19182.0025203228,151.6640625,1.901714854447253,7975.12109375,742.609375,7232.51171875,9.3,6,0,16,3,209166,1,
2026-01-31T12:13:26.470286,292,True,healthy,19244.39181661606,151.6640625,1.901714854447253,7975.12109375,742.49609375,7232.625,9.3,6,0,16,3,209265,1,
2026-01-31T12:14:28.842675,293,True,healthy,19306.764080286026,151.6640625,1.901714854447253,7975.12109375,742.51953125,7232.6015625,9.3,6,0,16,3,209363,1,
2026-01-31T12:15:31.039472,294,True,healthy,19368.960864782333,151.6640625,1.901714854447253,7975.12109375,742.45703125,7232.6640625,9.3,6,0,16,3,209462,1,
2026-01-31T12:16:33.439603,295,True,healthy,19431.360892295837,151.6640625,1.901714854447253,7975.12109375,742.48828125,7232.6328125,9.3,6,0,16,3,209082,1,
2026-01-31T12:17:36.401720,296,True,healthy,19494.322947740555,151.6640625,1.901714854447253,7975.12109375,742.671875,7232.44921875,9.3,6,0,16,3,209166,1,
2026-01-31T12:18:38.683072,297,True,healthy,19556.604198932648,151.6640625,1.901714854447253,7975.12109375,742.73046875,7232.390625,9.3,6,0,16,3,209265,1,
2026-01-31T12:19:41.081738,298,True,healthy,19619.00256729126,151.6640625,1.901714854447253,7975.12109375,742.5859375,7232.53515625,9.3,6,0,16,3,209364,1,
2026-01-31T12:20:43.581182,299,True,healthy,19681.502514123917,151.6640625,1.901714854447253,7975.12109375,742.640625,7232.48046875,9.3,6,0,16,3,209463,1,
2026-01-31T12:21:46.287854,300,True,healthy,19744.195690393448,151.6640625,1.901714854447253,7975.12109375,742.578125,7232.54296875,9.3,6,0,16,3,209082,1,
2026-01-31T12:22:48.570293,301,True,healthy,19806.490930080414,151.6640625,1.901714854447253,7975.12109375,742.48828125,7232.6328125,9.3,6,0,16,3,209166,1,
2026-01-31T12:23:51.222536,302,True,healthy,19869.14318704605,151.6640625,1.901714854447253,7975.12109375,742.55078125,7232.5703125,9.3,6,0,16,3,209265,1,
2026-01-31T12:24:53.657591,303,True,healthy,19931.57090330124,151.6640625,1.901714854447253,7975.12109375,742.48828125,7232.6328125,9.3,6,0,16,3,209364,1,
2026-01-31T12:25:55.780381,304,True,healthy,19993.70078778267,151.6640625,1.901714854447253,7975.12109375,742.48828125,7232.6328125,9.3,6,0,16,3,209463,1,
2026-01-31T12:26:58.390873,305,True,healthy,20056.31112599373,151.6640625,1.901714854447253,7975.12109375,742.55078125,7232.5703125,9.3,6,0,16,3,209082,1,
2026-01-31T12:28:00.750695,306,True,healthy,20118.670889139175,151.6640625,1.901714854447253,7975.12109375,742.48828125,7232.6328125,9.3,6,0,16,3,209165,1,
2026-01-31T12:29:03.060084,307,True,healthy,20180.98032283783,151.6640625,1.901714854447253,7975.12109375,742.48828125,7232.6328125,9.3,6,0,16,3,209264,1,
2026-01-31T12:30:05.640363,308,True,healthy,20243.5603222847,151.6640625,1.901714854447253,7975.12109375,742.609375,7232.51171875,9.3,6,0,16,3,209364,1,
2026-01-31T12:31:08.367810,309,True,healthy,20306.274378299713,151.6640625,1.901714854447253,7975.12109375,742.609375,7232.51171875,9.3,6,0,16,3,209463,1,
2026-01-31T12:32:10.523265,310,True,healthy,20368.443154335022,151.6640625,1.901714854447253,7975.12109375,742.48828125,7232.6328125,9.3,6,0,16,3,209082,1,
2026-01-31T12:33:13.030622,311,True,healthy,20430.950153827667,151.6640625,1.901714854447253,7975.12109375,742.51953125,7232.6015625,9.3,6,0,16,3,209166,1,
2026-01-31T12:34:15.460264,312,True,healthy,20493.379592895508,151.6640625,1.901714854447253,7975.12109375,742.51953125,7232.6015625,9.3,6,0,16,3,209265,1,
2026-01-31T12:35:18.320132,313,True,healthy,20556.239701271057,151.6640625,1.901714854447253,7975.12109375,742.48828125,7232.6328125,9.3,6,0,16,3,209364,1,
2026-01-31T12:36:21.190889,314,True,healthy,20619.109011411667,151.6640625,1.901714854447253,7975.12109375,742.45703125,7232.6640625,9.3,6,0,16,3,209463,1,
2026-01-31T12:37:23.981979,315,True,healthy,20681.901308774948,151.6640625,1.901714854447253,7975.12109375,742.51953125,7232.6015625,9.3,6,0,16,3,209081,1,
2026-01-31T12:38:26.124007,316,True,healthy,20744.043266773224,151.6640625,1.901714854447253,7975.12109375,742.51953125,7232.6015625,9.3,6,0,16,3,209165,1,
2026-01-31T12:39:28.570390,317,True,healthy,20806.489547729492,151.6640625,1.901714854447253,7975.12109375,742.51953125,7232.6015625,9.3,6,0,16,3,209264,1,
2026-01-31T12:40:30.887295,318,True,healthy,20868.806563854218,151.6640625,1.901714854447253,7975.12109375,742.48828125,7232.6328125,9.3,6,0,16,3,209363,1,
2026-01-31T12:41:33.022641,319,True,healthy,20930.941522359848,151.6640625,1.901714854447253,7975.12109375,742.55078125,7232.5703125,9.3,6,0,16,3,209462,1,
2026-01-31T12:42:35.322393,320,True,healthy,20993.24139738083,151.6640625,1.901714854447253,7975.12109375,742.48828125,7232.6328125,9.3,6,0,16,3,209081,1,
2026-01-31T12:43:37.780419,321,True,healthy,21055.69894361496,151.6640625,1.901714854447253,7975.12109375,742.45703125,7232.6640625,9.3,6,0,16,3,209165,1,
2026-01-31T12:44:40.219317,322,True,healthy,21118.138114452362,151.6640625,1.901714854447253,7975.12109375,742.48828125,7232.6328125,9.3,6,0,16,3,209264,1,
2026-01-31T12:45:42.723562,323,True,healthy,21180.64219713211,151.6640625,1.901714854447253,7975.12109375,742.45703125,7232.6640625,9.3,6,0,16,3,209363,1,
2026-01-31T12:46:44.849874,324,True,healthy,21242.768504858017,151.6640625,1.901714854447253,7975.12109375,742.640625,7232.48046875,9.3,6,0,16,3,209463,1,
2026-01-31T12:47:46.991076,325,True,healthy,21304.9096698761,151.6640625,1.901714854447253,7975.12109375,742.640625,7232.48046875,9.3,6,0,16,3,209082,1,
2026-01-31T12:48:49.351867,326,True,healthy,21367.26873731613,151.6640625,1.901714854447253,7975.12109375,742.52734375,7232.59375,9.3,6,0,16,3,209166,1,
2026-01-31T12:49:51.409998,327,True,healthy,21429.328342199326,151.6640625,1.901714854447253,7975.12109375,742.3984375,7232.72265625,9.3,6,0,16,3,209263,1,
2026-01-31T12:50:53.667585,328,True,healthy,21491.57381272316,151.6640625,1.901714854447253,7975.12109375,742.3359375,7232.78515625,9.3,6,0,16,3,209363,1,
2026-01-31T12:51:56.152234,329,True,healthy,21554.069946050644,151.6640625,1.901714854447253,7975.12109375,742.3984375,7232.72265625,9.3,6,0,16,3,209462,1,
2026-01-31T12:52:58.734646,330,True,healthy,21616.652742147446,151.6640625,1.901714854447253,7975.12109375,742.3359375,7232.78515625,9.3,6,0,16,3,209081,1,
2026-01-31T12:54:01.201307,331,True,healthy,21679.119260787964,151.6640625,1.901714854447253,7975.12109375,742.3984375,7232.72265625,9.3,6,0,16,3,209165,1,
2026-01-31T12:55:03.886865,332,True,healthy,21741.804701566696,151.6640625,1.901714854447253,7975.12109375,742.4296875,7232.69140625,9.3,6,0,16,3,209264,1,
2026-01-31T12:56:06.623540,333,True,healthy,21804.54135990143,151.6640625,1.901714854447253,7975.12109375,742.48828125,7232.6328125,9.3,6,0,16,3,209363,1,
2026-01-31T12:57:08.891893,334,True,healthy,21866.809430122375,151.6640625,1.901714854447253,7975.12109375,742.51953125,7232.6015625,9.3,6,0,16,3,209462,1,
2026-01-31T12:58:11.201943,335,True,healthy,21929.11929988861,151.6640625,1.901714854447253,7975.12109375,742.578125,7232.54296875,9.3,6,0,16,3,209082,1,
2026-01-31T12:59:14.368562,336,True,healthy,21992.285101890564,151.6640625,1.901714854447253,7975.12109375,742.51953125,7232.6015625,9.3,6,0,16,3,209166,1,
2026-01-31T13:00:17.125517,337,True,healthy,22055.042721748352,151.6640625,1.901714854447253,7975.12109375,742.48828125,7232.6328125,9.3,6,0,16,3,209265,1,
2026-01-31T13:01:19.920104,338,True,healthy,22117.837359666824,151.6640625,1.901714854447253,7975.12109375,742.48828125,7232.6328125,9.3,6,0,16,3,209364,1,
2026-01-31T13:02:21.919847,339,True,healthy,22179.836923599243,151.6640625,1.901714854447253,7975.12109375,742.48828125,7232.6328125,9.3,6,0,16,3,209463,1,
2026-01-31T13:03:24.010595,340,True,healthy,22241.92733979225,151.6640625,1.901714854447253,7975.12109375,742.48828125,7232.6328125,9.3,6,0,16,3,209082,1,
2026-01-31T13:04:26.449962,341,True,healthy,22304.366926193237,151.6640625,1.901714854447253,7975.12109375,742.51953125,7232.6015625,9.3,6,0,16,3,209166,1,
2026-01-31T13:05:29.263816,342,True,healthy,22367.1806204319,151.6640625,1.901714854447253,7975.12109375,742.48828125,7232.6328125,9.3,6,0,16,3,209265,1,
2026-01-31T13:06:32.050489,343,True,healthy,22429.96711564064,151.6640625,1.901714854447253,7975.12109375,742.51953125,7232.6015625,9.3,6,0,16,3,209364,1,
2026-01-31T13:07:34.957577,344,True,healthy,22492.859539747238,151.6640625,1.901714854447253,7975.12109375,742.48828125,7232.6328125,9.3,6,0,16,3,209463,1,
2026-01-31T13:08:37.173508,345,True,healthy,22555.08697605133,151.6640625,1.901714854447253,7975.12109375,742.48828125,7232.6328125,9.3,6,0,16,3,209082,1,
2026-01-31T13:09:39.090247,346,True,healthy,22617.006510734558,151.6640625,1.901714854447253,7975.12109375,742.640625,7232.48046875,9.3,6,0,16,3,209166,1,
2026-01-31T13:10:41.348669,347,True,healthy,22679.26504302025,151.6640625,1.901714854447253,7975.12109375,742.640625,7232.48046875,9.3,6,0,16,3,209265,1,
