timestamp,iteration,success,latency_ms,http_status,model,chunks_received,total_content_length,error_message
2026-01-31T07:10:51.152461,1,True,1281.34,200,gemini-2.5-flash-lite,7,1569,
2026-01-31T07:11:53.330709,2,True,1032.07,200,gemini-2.5-flash-lite,7,1611,
2026-01-31T07:12:55.859111,3,True,1089.93,200,gemini-2.5-flash-lite,7,1611,
2026-01-31T07:13:58.463570,4,True,1148.02,200,gemini-2.5-flash-lite,7,1592,
2026-01-31T07:15:00.720714,5,True,1071.52,200,gemini-2.5-flash-lite,7,1587,
2026-01-31T07:16:02.848453,6,True,676.82,200,gemini-2.5-flash-lite,7,1551,
2026-01-31T07:17:05.504286,7,True,1336.51,200,gemini-2.5-flash-lite,7,1634,
2026-01-31T07:18:07.653104,8,True,1300.79,200,gemini-2.5-flash-lite,7,1587,
2026-01-31T07:19:09.813709,9,True,983.19,200,gemini-2.5-flash-lite,7,1589,
2026-01-31T07:20:12.430856,10,True,1418.00,200,gemini-2.5-flash-lite,7,1686,
2026-01-31T07:21:14.834282,11,True,1125.91,200,gemini-2.5-flash-lite,7,1649,
2026-01-31T07:22:17.505042,12,True,1197.23,200,gemini-2.5-flash-lite,7,1668,
2026-01-31T07:23:19.293236,13,True,1025.21,200,gemini-2.5-flash-lite,7,1600,
2026-01-31T07:24:21.979641,14,True,1165.08,200,gemini-2.5-flash-lite,7,1587,
2026-01-31T07:25:24.138284,15,True,1018.73,200,gemini-2.5-flash-lite,7,1651,
2026-01-31T07:26:26.388104,16,True,1266.28,200,gemini-2.5-flash-lite,7,1624,
2026-01-31T07:27:28.995224,17,True,1320.40,200,gemini-2.5-flash-lite,7,1625,
2026-01-31T07:28:31.527735,18,True,1178.46,200,gemini-2.5-flash-lite,7,1653,
2026-01-31T07:29:33.514292,19,True,842.13,200,gemini-2.5-flash-lite,7,1652,
2026-01-31T07:30:35.698462,20,True,1144.21,200,gemini-2.5-flash-lite,7,1595,
2026-01-31T07:31:37.857090,21,True,907.50,200,gemini-2.5-flash-lite,7,1561,
2026-01-31T07:32:39.987884,22,True,707.08,200,gemini-2.5-flash-lite,7,1566,
2026-01-31T07:33:42.218890,23,True,971.79,200,gemini-2.5-flash-lite,7,1522,
2026-01-31T07:34:44.230079,24,True,905.16,200,gemini-2.5-flash-lite,7,1623,
2026-01-31T07:35:46.675597,25,True,1161.64,200,gemini-2.5-flash-lite,7,1664,
2026-01-31T07:36:49.001898,26,True,1156.12,200,gemini-2.5-flash-lite,7,1614,
2026-01-31T07:37:51.243231,27,True,1068.60,200,gemini-2.5-flash-lite,7,1677,
2026-01-31T07:38:53.897235,28,True,1382.17,200,gemini-2.5-flash-lite,7,1670,
2026-01-31T07:39:56.242940,29,True,1116.27,200,gemini-2.5-flash-lite,7,1628,
2026-01-31T07:40:58.671618,30,True,1174.45,200,gemini-2.5-flash-lite,7,1625,
2026-01-31T07:42:01.707669,31,True,1733.85,200,gemini-2.5-flash-lite,7,1572,
2026-01-31T07:43:03.838470,32,True,970.15,200,gemini-2.5-flash-lite,7,1645,
2026-01-31T07:44:06.093784,33,True,1010.29,200,gemini-2.5-flash-lite,7,1634,
2026-01-31T07:45:08.286835,34,True,940.63,200,gemini-2.5-flash-lite,7,1599,
2026-01-31T07:46:10.560631,35,True,1127.57,200,gemini-2.5-flash-lite,7,1607,
2026-01-31T07:47:13.481399,36,True,1499.21,200,gemini-2.5-flash-lite,7,1621,
2026-01-31T07:48:15.646107,37,True,1009.35,200,gemini-2.5-flash-lite,7,1647,
2026-01-31T07:49:17.948518,38,True,1095.46,200,gemini-2.5-flash-lite,7,1645,
2026-01-31T07:50:20.208498,39,True,965.53,200,gemini-2.5-flash-lite,7,1568,
2026-01-31T07:51:22.294020,40,True,1149.31,200,gemini-2.5-flash-lite,7,1575,
2026-01-31T07:52:24.906296,41,True,1029.65,200,gemini-2.5-flash-lite,7,1553,
2026-01-31T07:53:26.985919,42,True,1122.51,200,gemini-2.5-flash-lite,7,1623,
2026-01-31T07:54:29.379518,43,True,1094.04,200,gemini-2.5-flash-lite,7,1650,
2026-01-31T07:55:31.499228,44,True,977.70,200,gemini-2.5-flash-lite,7,1620,
2026-01-31T07:56:33.496970,45,True,1021.97,200,gemini-2.5-flash-lite,7,1562,
2026-01-31T07:57:36.562549,46,True,1244.35,200,gemini-2.5-flash-lite,7,1621,
2026-01-31T07:58:38.998427,47,True,1090.55,200,gemini-2.5-flash-lite,7,1606,
2026-01-31T07:59:40.785236,48,True,661.36,200,gemini-2.5-flash-lite,7,1574,
2026-01-31T08:00:43.155506,49,True,1069.00,200,gemini-2.5-flash-lite,7,1588,
2026-01-31T08:01:44.823842,50,True,806.63,200,gemini-2.5-flash-lite,7,1574,
2026-01-31T08:02:46.983344,51,True,1137.09,200,gemini-2.5-flash-lite,7,1595,
2026-01-31T08:03:49.508406,52,True,1154.16,200,gemini-2.5-flash-lite,7,1580,
2026-01-31T08:04:51.894448,53,True,1126.28,200,gemini-2.5-flash-lite,7,1619,
2026-01-31T08:05:54.141716,54,True,715.63,200,gemini-2.5-flash-lite,7,1654,
2026-01-31T08:06:56.351010,55,True,1088.89,200,gemini-2.5-flash-lite,7,1657,
2026-01-31T08:07:58.434071,56,True,926.28,200,gemini-2.5-flash-lite,7,1564,
2026-01-31T08:09:00.324846,57,True,952.23,200,gemini-2.5-flash-lite,7,1569,
2026-01-31T08:10:02.219684,58,True,1037.49,200,gemini-2.5-flash-lite,7,1595,
2026-01-31T08:11:04.989110,59,True,1483.87,200,gemini-2.5-flash-lite,7,1603,
2026-01-31T08:12:07.218262,60,True,1130.24,200,gemini-2.5-flash-lite,7,1654,
2026-01-31T08:13:09.338845,61,True,816.86,200,gemini-2.5-flash-lite,7,1548,
2026-01-31T08:14:11.949544,62,True,1102.28,200,gemini-2.5-flash-lite,7,1521,
2026-01-31T08:15:13.939596,63,True,867.96,200,gemini-2.5-flash-lite,7,1630,
2026-01-31T08:16:16.342098,64,True,1152.28,200,gemini-2.5-flash-lite,7,1617,
2026-01-31T08:17:18.415287,65,True,765.27,200,gemini-2.5-flash-lite,7,1580,
2026-01-31T08:18:20.476216,66,True,995.63,200,gemini-2.5-flash-lite,7,1655,
2026-01-31T08:19:22.877483,67,True,1083.77,200,gemini-2.5-flash-lite,7,1578,
2026-01-31T08:20:25.103095,68,True,987.36,200,gemini-2.5-flash-lite,7,1632,
2026-01-31T08:21:27.386354,69,True,936.63,200,gemini-2.5-flash-lite,7,1571,
2026-01-31T08:22:29.087194,70,True,850.88,200,gemini-2.5-flash-lite,7,1662,
2026-01-31T08:23:31.237352,71,True,1033.34,200,gemini-2.5-flash-lite,7,1604,
2026-01-31T08:24:33.027232,72,True,768.23,200,gemini-2.5-flash-lite,7,1631,
2026-01-31T08:25:35.219137,73,True,972.76,200,gemini-2.5-flash-lite,7,1572,
2026-01-31T08:26:37.324581,74,True,954.58,200,gemini-2.5-flash-lite,7,1628,
2026-01-31T08:27:39.434237,75,True,1048.25,200,gemini-2.5-flash-lite,7,1592,
2026-01-31T08:28:41.710405,76,True,1238.62,200,gemini-2.5-flash-lite,7,1581,
2026-01-31T08:29:43.685463,77,True,1133.60,200,gemini-2.5-flash-lite,7,1619,
2026-01-31T08:30:46.044776,78,True,1117.05,200,gemini-2.5-flash-lite,7,1544,
2026-01-31T08:31:48.294168,79,True,1379.35,200,gemini-2.5-flash-lite,7,1559,
2026-01-31T08:32:50.558038,80,True,1152.16,200,gemini-2.5-flash-lite,7,1647,
2026-01-31T08:33:52.521568,81,True,999.91,200,gemini-2.5-flash-lite,7,1619,
2026-01-31T08:34:55.122024,82,True,1329.34,200,gemini-2.5-flash-lite,7,1600,
2026-01-31T08:35:57.288542,83,True,1242.64,200,gemini-2.5-flash-lite,7,1577,
2026-01-31T08:36:59.417201,84,True,1000.98,200,gemini-2.5-flash-lite,7,1605,
2026-01-31T08:38:02.131096,85,True,1262.43,200,gemini-2.5-flash-lite,7,1630,
2026-01-31T08:39:04.886890,86,True,1185.02,200,gemini-2.5-flash-lite,7,1604,
2026-01-31T08:40:07.340350,87,True,1175.07,200,gemini-2.5-flash-lite,7,1646,
2026-01-31T08:41:09.642059,88,True,1118.65,200,gemini-2.5-flash-lite,7,1622,
2026-01-31T08:42:11.498111,89,True,829.21,200,gemini-2.5-flash-lite,7,1554,
2026-01-31T08:43:13.649247,90,True,1220.10,200,gemini-2.5-flash-lite,7,1618,
2026-01-31T08:44:16.034253,91,True,1273.39,200,gemini-2.5-flash-lite,7,1650,
2026-01-31T08:45:18.395356,92,True,1042.97,200,gemini-2.5-flash-lite,7,1648,
2026-01-31T08:46:20.869543,93,True,1286.22,200,gemini-2.5-flash-lite,7,1673,
2026-01-31T08:47:23.194219,94,True,1351.61,200,gemini-2.5-flash-lite,7,1590,
2026-01-31T08:48:25.375776,95,True,1140.25,200,gemini-2.5-flash-lite,7,1620,
2026-01-31T08:49:27.733112,96,True,1171.63,200,gemini-2.5-flash-lite,7,1658,
2026-01-31T08:50:30.717562,97,True,1136.63,200,gemini-2.5-flash-lite,7,1606,
2026-01-31T08:51:32.945594,98,True,1305.47,200,gemini-2.5-flash-lite,7,1596,
2026-01-31T08:52:35.506536,99,True,1110.68,200,gemini-2.5-flash-lite,7,1691,
2026-01-31T08:53:38.099697,100,True,1415.90,200,gemini-2.5-flash-lite,7,1627,
2026-01-31T08:54:40.333350,101,True,1119.97,200,gemini-2.5-flash-lite,7,1589,
2026-01-31T08:55:42.980978,102,True,1008.06,200,gemini-2.5-flash-lite,7,1644,
2026-01-31T08:56:45.559412,103,True,1399.40,200,gemini-2.5-flash-lite,7,1673,
2026-01-31T08:57:47.352033,104,True,744.50,200,gemini-2.5-flash-lite,7,1640,
2026-01-31T08:58:49.310193,105,True,1071.44,200,gemini-2.5-flash-lite,7,1638,
2026-01-31T08:59:51.644162,106,True,894.18,200,gemini-2.5-flash-lite,7,1635,
2026-01-31T09:00:54.172043,107,True,1362.35,200,gemini-2.5-flash-lite,7,1650,
2026-01-31T09:01:56.351465,108,True,1358.57,200,gemini-2.5-flash-lite,7,1549,
2026-01-31T09:02:58.575870,109,True,880.80,200,gemini-2.5-flash-lite,7,1629,
2026-01-31T09:04:01.349787,110,True,1400.61,200,gemini-2.5-flash-lite,7,1575,
2026-01-31T09:05:04.003914,111,True,1256.94,200,gemini-2.5-flash-lite,7,1559,
2026-01-31T09:06:06.723467,112,True,1318.38,200,gemini-2.5-flash-lite,7,1612,
2026-01-31T09:07:08.965279,113,True,926.15,200,gemini-2.5-flash-lite,7,1670,
2026-01-31T09:08:11.005046,114,True,1159.70,200,gemini-2.5-flash-lite,7,1583,
2026-01-31T09:09:14.094108,115,True,740.83,200,gemini-2.5-flash-lite,7,1647,
2026-01-31T09:10:16.869690,116,True,1332.60,200,gemini-2.5-flash-lite,7,1676,
2026-01-31T09:11:19.167530,117,True,1025.08,200,gemini-2.5-flash-lite,7,1694,
2026-01-31T09:12:21.745224,118,True,1076.52,200,gemini-2.5-flash-lite,7,1627,
2026-01-31T09:13:23.928767,119,True,1230.56,200,gemini-2.5-flash-lite,7,1650,
2026-01-31T09:14:26.286249,120,True,1144.83,200,gemini-2.5-flash-lite,7,1643,
2026-01-31T09:15:28.303564,121,True,1185.93,200,gemini-2.5-flash-lite,7,1595,
2026-01-31T09:16:30.967083,122,True,1270.81,200,gemini-2.5-flash-lite,7,1591,
2026-01-31T09:17:33.270182,123,True,759.47,200,gemini-2.5-flash-lite,7,1599,
2026-01-31T09:18:35.727915,124,True,1229.73,200,gemini-2.5-flash-lite,7,1639,
2026-01-31T09:19:38.236590,125,True,1297.34,200,gemini-2.5-flash-lite,7,1509,
2026-01-31T09:20:40.639726,126,True,1105.14,200,gemini-2.5-flash-lite,7,1624,
2026-01-31T09:21:42.638697,127,True,939.27,200,gemini-2.5-flash-lite,7,1654,
2026-01-31T09:22:45.059375,128,True,898.75,200,gemini-2.5-flash-lite,7,1592,
2026-01-31T09:23:47.165270,129,True,1285.55,200,gemini-2.5-flash-lite,7,1646,
2026-01-31T09:24:49.540967,130,True,1059.79,200,gemini-2.5-flash-lite,7,1624,
2026-01-31T09:25:51.764024,131,True,956.25,200,gemini-2.5-flash-lite,7,1585,
2026-01-31T09:26:54.236126,132,True,1171.47,200,gemini-2.5-flash-lite,7,1567,
2026-01-31T09:27:56.179726,133,True,1014.19,200,gemini-2.5-flash-lite,7,1595,
2026-01-31T09:28:58.288571,134,True,929.64,200,gemini-2.5-flash-lite,7,1613,
2026-01-31T09:30:00.086529,135,True,708.46,200,gemini-2.5-flash-lite,7,1632,
2026-01-31T09:31:02.386640,136,True,1005.54,200,gemini-2.5-flash-lite,7,1641,
2026-01-31T09:32:05.346688,137,True,1479.92,200,gemini-2.5-flash-lite,7,1603,
2026-01-31T09:33:07.651169,138,True,1102.18,200,gemini-2.5-flash-lite,7,1640,
2026-01-31T09:34:10.099049,139,True,1133.18,200,gemini-2.5-flash-lite,7,1640,
2026-01-31T09:35:12.031654,140,True,1019.12,200,gemini-2.5-flash-lite,7,1598,
2026-01-31T09:36:14.684652,141,True,1059.55,200,gemini-2.5-flash-lite,7,1633,
2026-01-31T09:37:17.382038,142,True,1104.23,200,gemini-2.5-flash-lite,7,1621,
2026-01-31T09:38:19.367073,143,True,1055.97,200,gemini-2.5-flash-lite,7,1582,
2026-01-31T09:39:21.750736,144,True,892.95,200,gemini-2.5-flash-lite,7,1672,
2026-01-31T09:40:23.738746,145,True,733.68,200,gemini-2.5-flash-lite,7,1616,
2026-01-31T09:41:26.258113,146,True,1202.77,200,gemini-2.5-flash-lite,7,1630,
2026-01-31T09:42:28.526931,147,True,1146.21,200,gemini-2.5-flash-lite,7,1567,
2026-01-31T09:43:30.666189,148,True,937.30,200,gemini-2.5-flash-lite,7,1613,
2026-01-31T09:44:33.057851,149,True,1060.38,200,gemini-2.5-flash-lite,7,1635,
2026-01-31T09:45:35.644784,150,True,1147.83,200,gemini-2.5-flash-lite,7,1661,
2026-01-31T09:46:38.017530,151,True,1039.25,200,gemini-2.5-flash-lite,7,1647,
2026-01-31T09:47:40.458987,152,True,1268.94,200,gemini-2.5-flash-lite,7,1678,
2026-01-31T09:48:42.589688,153,True,871.65,200,gemini-2.5-flash-lite,7,1601,
2026-01-31T09:49:45.093152,154,True,1280.62,200,gemini-2.5-flash-lite,7,1617,
2026-01-31T09:50:47.509924,155,True,1168.98,200,gemini-2.5-flash-lite,7,1662,
2026-01-31T09:51:49.356515,156,True,869.64,200,gemini-2.5-flash-lite,7,1547,
2026-01-31T09:52:51.356007,157,True,981.18,200,gemini-2.5-flash-lite,7,1646,
2026-01-31T09:53:53.732516,158,True,974.85,200,gemini-2.5-flash-lite,7,1586,
2026-01-31T09:54:56.217742,159,True,1116.12,200,gemini-2.5-flash-lite,7,1615,
2026-01-31T09:55:58.875638,160,True,1312.63,200,gemini-2.5-flash-lite,7,1614,
2026-01-31T09:57:00.995629,161,True,1157.11,200,gemini-2.5-flash-lite,7,1547,
2026-01-31T09:58:03.727146,162,True,1430.25,200,gemini-2.5-flash-lite,7,1633,
2026-01-31T09:59:06.417771,163,True,1359.41,200,gemini-2.5-flash-lite,7,1651,
2026-01-31T10:00:08.798871,164,True,1141.10,200,gemini-2.5-flash-lite,7,1639,
2026-01-31T10:01:11.381961,165,True,1229.93,200,gemini-2.5-flash-lite,7,1637,
2026-01-31T10:02:13.593582,166,True,1021.88,200,gemini-2.5-flash-lite,7,1653,
2026-01-31T10:03:15.815940,167,True,1208.51,200,gemini-2.5-flash-lite,7,1622,
2026-01-31T10:04:17.797604,168,True,1061.03,200,gemini-2.5-flash-lite,7,1587,
2026-01-31T10:05:20.093408,169,True,992.89,200,gemini-2.5-flash-lite,7,1574,
2026-01-31T10:06:22.508035,170,True,1021.10,200,gemini-2.5-flash-lite,7,1591,
2026-01-31T10:07:25.462704,171,True,1781.89,200,gemini-2.5-flash-lite,7,1610,
2026-01-31T10:08:27.819959,172,True,1150.16,200,gemini-2.5-flash-lite,7,1587,
2026-01-31T10:09:29.945035,173,True,892.82,200,gemini-2.5-flash-lite,7,1646,
2026-01-31T10:10:32.466158,174,True,733.99,200,gemini-2.5-flash-lite,7,1644,
2026-01-31T10:11:34.822419,175,True,1080.01,200,gemini-2.5-flash-lite,7,1648,
2026-01-31T10:12:37.339744,176,True,1273.89,200,gemini-2.5-flash-lite,7,1617,
2026-01-31T10:13:39.263754,177,True,998.90,200,gemini-2.5-flash-lite,7,1588,
2026-01-31T10:14:41.765611,178,True,1270.59,200,gemini-2.5-flash-lite,7,1552,
2026-01-31T10:15:44.304730,179,True,1116.31,200,gemini-2.5-flash-lite,7,1590,
2026-01-31T10:16:46.782653,180,True,1155.35,200,gemini-2.5-flash-lite,7,1645,
2026-01-31T10:17:49.409590,181,True,1070.74,200,gemini-2.5-flash-lite,7,1611,
2026-01-31T10:18:51.893374,182,True,1024.29,200,gemini-2.5-flash-lite,7,1597,
2026-01-31T10:19:54.032687,183,True,970.02,200,gemini-2.5-flash-lite,7,1532,
2026-01-31T10:20:56.718667,184,True,1545.94,200,gemini-2.5-flash-lite,7,1529,
2026-01-31T10:21:58.915020,185,True,772.64,200,gemini-2.5-flash-lite,7,1609,
2026-01-31T10:23:01.230558,186,True,1135.46,200,gemini-2.5-flash-lite,7,1633,
2026-01-31T10:24:03.482886,187,True,961.08,200,gemini-2.5-flash-lite,7,1650,
2026-01-31T10:25:06.326161,188,True,1506.29,200,gemini-2.5-flash-lite,7,1616,
2026-01-31T10:26:09.040940,189,True,1121.61,200,gemini-2.5-flash-lite,7,1638,
2026-01-31T10:27:11.766935,190,True,1247.59,200,gemini-2.5-flash-lite,7,1595,
2026-01-31T10:28:13.702076,191,True,913.85,200,gemini-2.5-flash-lite,7,1597,
2026-01-31T10:29:16.211729,192,True,993.93,200,gemini-2.5-flash-lite,7,1589,
2026-01-31T10:30:18.937102,193,True,1283.34,200,gemini-2.5-flash-lite,7,1562,
2026-01-31T10:31:21.024130,194,True,818.04,200,gemini-2.5-flash-lite,7,1633,
2026-01-31T10:32:22.841865,195,True,833.27,200,gemini-2.5-flash-lite,7,1586,
2026-01-31T10:33:25.402284,196,True,1142.42,200,gemini-2.5-flash-lite,7,1637,
2026-01-31T10:34:28.758385,197,True,1255.85,200,gemini-2.5-flash-lite,7,1627,
2026-01-31T10:35:31.159902,198,True,1184.81,200,gemini-2.5-flash-lite,7,1642,
2026-01-31T10:36:33.726119,199,True,1402.47,200,gemini-2.5-flash-lite,7,1573,
2026-01-31T10:37:36.316963,200,True,1196.28,200,gemini-2.5-flash-lite,7,1631,
2026-01-31T10:38:38.557788,201,True,1174.11,200,gemini-2.5-flash-lite,7,1646,
2026-01-31T10:39:41.068495,202,True,1130.52,200,gemini-2.5-flash-lite,7,1669,
2026-01-31T10:40:43.167952,203,True,723.59,200,gemini-2.5-flash-lite,7,1668,
2026-01-31T10:41:45.548538,204,True,1093.18,200,gemini-2.5-flash-lite,7,1604,
2026-01-31T10:42:48.366097,205,True,1200.73,200,gemini-2.5-flash-lite,7,1602,
2026-01-31T10:43:50.356523,206,True,721.20,200,gemini-2.5-flash-lite,7,1581,
2026-01-31T10:44:52.755498,207,True,1210.67,200,gemini-2.5-flash-lite,7,1644,
2026-01-31T10:45:55.076997,208,True,1184.36,200,gemini-2.5-flash-lite,7,1630,
2026-01-31T10:46:57.749682,209,True,1269.56,200,gemini-2.5-flash-lite,7,1623,
2026-01-31T10:48:00.227969,210,True,1339.53,200,gemini-2.5-flash-lite,7,1653,
2026-01-31T10:49:07.462909,211,True,6192.89,200,gemini-2.5-flash-lite,7,1588,
2026-01-31T10:50:09.367854,212,True,856.49,200,gemini-2.5-flash-lite,7,1655,
2026-01-31T10:51:11.901860,213,True,1155.71,200,gemini-2.5-flash-lite,7,1570,
2026-01-31T10:52:14.183036,214,True,1209.01,200,gemini-2.5-flash-lite,7,1609,
2026-01-31T10:53:16.275061,215,True,1125.94,200,gemini-2.5-flash-lite,7,1627,
2026-01-31T10:54:18.378883,216,True,1101.31,200,gemini-2.5-flash-lite,7,1606,
2026-01-31T10:55:20.979825,217,True,1211.80,200,gemini-2.5-flash-lite,7,1665,
2026-01-31T10:56:23.110807,218,True,968.91,200,gemini-2.5-flash-lite,7,1616,
2026-01-31T10:57:25.463104,219,True,1150.87,200,gemini-2.5-flash-lite,7,1637,
2026-01-31T10:58:28.099806,220,True,1110.79,200,gemini-2.5-flash-lite,7,1663,
2026-01-31T10:59:30.255400,221,True,1024.43,200,gemini-2.5-flash-lite,7,1640,
2026-01-31T11:00:32.588815,222,True,1066.72,200,gemini-2.5-flash-lite,7,1687,
2026-01-31T11:01:34.858633,223,True,869.16,200,gemini-2.5-flash-lite,7,1574,
2026-01-31T11:02:37.670451,224,True,1402.40,200,gemini-2.5-flash-lite,7,1611,
2026-01-31T11:03:40.127020,225,True,1203.90,200,gemini-2.5-flash-lite,7,1630,
2026-01-31T11:04:43.105158,226,True,1679.48,200,gemini-2.5-flash-lite,7,1638,
2026-01-31T11:05:45.092580,227,True,887.46,200,gemini-2.5-flash-lite,7,1661,
2026-01-31T11:06:47.614310,228,True,1266.49,200,gemini-2.5-flash-lite,7,1617,
2026-01-31T11:07:50.490663,229,True,1486.16,200,gemini-2.5-flash-lite,7,1592,
2026-01-31T11:08:53.067617,230,True,1460.04,200,gemini-2.5-flash-lite,7,1635,
2026-01-31T11:09:55.338879,231,True,1280.01,200,gemini-2.5-flash-lite,7,1643,
2026-01-31T11:10:57.907090,232,True,1227.82,200,gemini-2.5-flash-lite,7,1595,
2026-01-31T11:12:00.111006,233,True,1215.91,200,gemini-2.5-flash-lite,7,1606,
2026-01-31T11:13:02.450217,234,True,956.28,200,gemini-2.5-flash-lite,7,1580,
2026-01-31T11:14:04.993203,235,True,1236.21,200,gemini-2.5-flash-lite,7,1599,
2026-01-31T11:15:07.952573,236,True,1588.72,200,gemini-2.5-flash-lite,7,1598,
2026-01-31T11:16:10.228303,237,True,1093.64,200,gemini-2.5-flash-lite,7,1621,
2026-01-31T11:17:12.287166,238,True,1095.79,200,gemini-2.5-flash-lite,7,1592,
2026-01-31T11:18:14.762351,239,True,1449.05,200,gemini-2.5-flash-lite,7,1632,
2026-01-31T11:19:17.349441,240,True,1126.57,200,gemini-2.5-flash-lite,7,1592,
2026-01-31T11:20:19.611668,241,True,1237.55,200,gemini-2.5-flash-lite,7,1627,
2026-01-31T11:21:21.798052,242,True,1272.90,200,gemini-2.5-flash-lite,7,1571,
2026-01-31T11:22:23.813341,243,True,843.75,200,gemini-2.5-flash-lite,7,1649,
2026-01-31T11:23:26.460504,244,True,1402.80,200,gemini-2.5-flash-lite,7,1637,
2026-01-31T11:24:28.778494,245,True,1102.70,200,gemini-2.5-flash-lite,7,1616,
2026-01-31T11:25:31.101031,246,True,1034.15,200,gemini-2.5-flash-lite,7,1661,
2026-01-31T11:26:33.456567,247,True,1174.00,200,gemini-2.5-flash-lite,7,1630,
2026-01-31T11:27:40.877860,248,True,6097.54,200,gemini-2.5-flash-lite,7,1639,
2026-01-31T11:28:43.173047,249,True,1147.71,200,gemini-2.5-flash-lite,7,1596,
2026-01-31T11:29:45.086636,250,True,969.49,200,gemini-2.5-flash-lite,7,1587,
2026-01-31T11:30:47.577816,251,True,1186.91,200,gemini-2.5-flash-lite,7,1568,
2026-01-31T11:31:50.367714,252,True,1365.35,200,gemini-2.5-flash-lite,7,1587,
2026-01-31T11:32:53.494768,253,True,1777.49,200,gemini-2.5-flash-lite,7,1653,
2026-01-31T11:33:56.026520,254,True,1247.70,200,gemini-2.5-flash-lite,7,1570,
2026-01-31T11:34:58.639870,255,True,1115.07,200,gemini-2.5-flash-lite,7,1531,
2026-01-31T11:36:01.059531,256,True,1026.20,200,gemini-2.5-flash-lite,7,1565,
2026-01-31T11:37:03.417759,257,True,1007.99,200,gemini-2.5-flash-lite,7,1594,
2026-01-31T11:38:05.847606,258,True,973.95,200,gemini-2.5-flash-lite,7,1619,
2026-01-31T11:39:08.029021,259,True,768.19,200,gemini-2.5-flash-lite,7,1623,
2026-01-31T11:40:10.758037,260,True,1301.66,200,gemini-2.5-flash-lite,7,1650,
2026-01-31T11:41:13.530942,261,True,1250.29,200,gemini-2.5-flash-lite,7,1624,
2026-01-31T11:42:16.032117,262,True,1376.27,200,gemini-2.5-flash-lite,7,1604,
2026-01-31T11:43:18.700704,263,True,1301.17,200,gemini-2.5-flash-lite,7,1653,
2026-01-31T11:44:21.208842,264,True,1192.47,200,gemini-2.5-flash-lite,7,1603,
2026-01-31T11:45:23.609276,265,True,1348.68,200,gemini-2.5-flash-lite,7,1577,
2026-01-31T11:46:26.182227,266,True,1217.60,200,gemini-2.5-flash-lite,7,1629,
2026-01-31T11:47:28.333070,267,True,1198.95,200,gemini-2.5-flash-lite,7,1581,
2026-01-31T11:48:30.917943,268,True,1252.47,200,gemini-2.5-flash-lite,7,1683,
2026-01-31T11:49:33.129710,269,True,970.31,200,gemini-2.5-flash-lite,7,1595,
2026-01-31T11:50:35.077503,270,True,1033.42,200,gemini-2.5-flash-lite,7,1602,
2026-01-31T11:51:37.406447,271,True,1257.02,200,gemini-2.5-flash-lite,7,1647,
2026-01-31T11:52:39.785148,272,True,1095.60,200,gemini-2.5-flash-lite,7,1613,
2026-01-31T11:53:42.191542,273,True,1204.18,200,gemini-2.5-flash-lite,7,1661,
2026-01-31T11:54:44.805549,274,True,1303.02,200,gemini-2.5-flash-lite,7,1656,
2026-01-31T11:55:47.422602,275,True,1293.62,200,gemini-2.5-flash-lite,7,1595,
2026-01-31T11:56:49.833451,276,True,1267.35,200,gemini-2.5-flash-lite,7,1622,
2026-01-31T11:57:52.309897,277,True,1174.14,200,gemini-2.5-flash-lite,7,1638,
2026-01-31T11:58:54.402999,278,True,804.27,200,gemini-2.5-flash-lite,7,1620,
2026-01-31T11:59:56.495038,279,True,1095.00,200,gemini-2.5-flash-lite,7,1630,
2026-01-31T12:00:58.550100,280,True,1190.92,200,gemini-2.5-flash-lite,7,1629,
2026-01-31T12:02:01.144445,281,True,1227.00,200,gemini-2.5-flash-lite,7,1575,
2026-01-31T12:03:03.546836,282,True,1109.59,200,gemini-2.5-flash-lite,7,1576,
2026-01-31T12:04:05.308600,283,True,789.47,200,gemini-2.5-flash-lite,7,1608,
2026-01-31T12:05:07.690480,284,True,1203.89,200,gemini-2.5-flash-lite,7,1571,
2026-01-31T12:06:10.363910,285,True,1249.17,200,gemini-2.5-flash-lite,7,1654,
2026-01-31T12:07:13.441127,286,True,1587.94,200,gemini-2.5-flash-lite,7,1628,
2026-01-31T12:08:15.896167,287,True,1226.54,200,gemini-2.5-flash-lite,7,1683,
2026-01-31T12:09:18.428938,288,True,1325.96,200,gemini-2.5-flash-lite,7,1625,
2026-01-31T12:10:21.141113,289,True,1070.01,200,gemini-2.5-flash-lite,7,1658,
2026-01-31T12:11:23.995106,290,True,1508.67,200,gemini-2.5-flash-lite,7,1666,
2026-01-31T12:12:26.378451,291,True,797.80,200,gemini-2.5-flash-lite,7,1650,
2026-01-31T12:13:28.748892,292,True,926.05,200,gemini-2.5-flash-lite,7,1638,
2026-01-31T12:14:30.946296,293,True,1195.32,200,gemini-2.5-flash-lite,7,1614,
2026-01-31T12:15:33.345537,294,True,1078.46,200,gemini-2.5-flash-lite,7,1624,
2026-01-31T12:16:36.308341,295,True,1484.13,200,gemini-2.5-flash-lite,7,1604,
2026-01-31T12:17:38.589369,296,True,1160.08,200,gemini-2.5-flash-lite,7,1666,
2026-01-31T12:18:40.988164,297,True,1153.08,200,gemini-2.5-flash-lite,7,1599,
2026-01-31T12:19:43.494365,298,True,932.90,200,gemini-2.5-flash-lite,7,1573,
2026-01-31T12:20:46.190930,299,True,1104.00,200,gemini-2.5-flash-lite,7,1637,
2026-01-31T12:21:48.509203,300,True,1202.01,200,gemini-2.5-flash-lite,7,1579,
2026-01-31T12:22:51.128599,301,True,1163.59,200,gemini-2.5-flash-lite,7,1549,
2026-01-31T12:23:53.597797,302,True,1033.91,200,gemini-2.5-flash-lite,7,1630,
2026-01-31T12:24:55.714646,303,True,806.21,200,gemini-2.5-flash-lite,7,1631,
2026-01-31T12:25:58.298041,304,True,1219.14,200,gemini-2.5-flash-lite,7,1662,
2026-01-31T12:27:00.657860,305,True,1185.73,200,gemini-2.5-flash-lite,7,1639,
2026-01-31T12:28:03.002257,306,True,1207.55,200,gemini-2.5-flash-lite,7,1586,
2026-01-31T12:29:05.548143,307,True,1288.72,200,gemini-2.5-flash-lite,7,1609,
2026-01-31T12:30:08.260798,308,True,1171.44,200,gemini-2.5-flash-lite,7,1610,
2026-01-31T12:31:10.435429,309,True,1069.28,200,gemini-2.5-flash-lite,7,1620,
2026-01-31T12:32:12.973722,310,True,1311.13,200,gemini-2.5-flash-lite,7,1672,
2026-01-31T12:33:15.370534,311,True,1312.94,200,gemini-2.5-flash-lite,7,1604,
2026-01-31T12:34:18.227099,312,True,1440.54,200,gemini-2.5-flash-lite,7,1588,
2026-01-31T12:35:21.096027,313,True,1434.41,200,gemini-2.5-flash-lite,7,1629,
2026-01-31T12:36:23.904468,314,True,1339.57,200,gemini-2.5-flash-lite,7,1605,
2026-01-31T12:37:26.030935,315,True,937.22,200,gemini-2.5-flash-lite,7,1587,
2026-01-31T12:38:28.476527,316,True,933.29,200,gemini-2.5-flash-lite,7,1569,
2026-01-31T12:39:30.826256,317,True,1242.62,200,gemini-2.5-flash-lite,7,1586,
2026-01-31T12:40:32.928739,318,True,783.46,200,gemini-2.5-flash-lite,7,1647,
2026-01-31T12:41:35.228114,319,True,1179.26,200,gemini-2.5-flash-lite,7,1679,
2026-01-31T12:42:37.688589,320,True,981.29,200,gemini-2.5-flash-lite,7,1561,
2026-01-31T12:43:40.125456,321,True,1037.90,200,gemini-2.5-flash-lite,7,1634,
2026-01-31T12:44:42.642064,322,True,1529.08,200,gemini-2.5-flash-lite,7,1577,
2026-01-31T12:45:44.785488,323,True,770.74,200,gemini-2.5-flash-lite,7,1580,
2026-01-31T12:46:46.897824,324,True,828.95,200,gemini-2.5-flash-lite,7,1608,
2026-01-31T12:47:49.277654,325,True,851.71,200,gemini-2.5-flash-lite,7,1569,
2026-01-31T12:48:51.322255,326,True,804.22,200,gemini-2.5-flash-lite,7,1613,
2026-01-31T12:49:53.562123,327,True,1067.38,200,gemini-2.5-flash-lite,7,1648,
2026-01-31T12:50:56.058148,328,True,1157.09,200,gemini-2.5-flash-lite,7,1622,
2026-01-31T12:51:58.640948,329,True,1075.05,200,gemini-2.5-flash-lite,7,1529,
2026-01-31T12:53:01.107679,330,True,1125.34,200,gemini-2.5-flash-lite,7,1580,
2026-01-31T12:54:03.793055,331,True,1214.68,200,gemini-2.5-flash-lite,7,1598,
2026-01-31T12:55:06.530063,332,True,1166.04,200,gemini-2.5-flash-lite,7,1647,
2026-01-31T12:56:08.798074,333,True,1045.40,200,gemini-2.5-flash-lite,7,1613,
2026-01-31T12:57:11.107584,334,True,1138.50,200,gemini-2.5-flash-lite,7,1619,
2026-01-31T12:58:14.273773,335,True,1482.78,200,gemini-2.5-flash-lite,7,1584,
2026-01-31T12:59:17.031493,336,True,1308.48,200,gemini-2.5-flash-lite,7,1643,
2026-01-31T13:00:19.835863,337,True,1276.50,200,gemini-2.5-flash-lite,7,1581,
2026-01-31T13:01:21.827491,338,True,1030.05,200,gemini-2.5-flash-lite,7,1622,
2026-01-31T13:02:23.920236,339,True,934.29,200,gemini-2.5-flash-lite,7,1614,
2026-01-31T13:03:26.378185,340,True,1439.19,200,gemini-2.5-flash-lite,7,1567,
2026-01-31T13:04:29.170382,341,True,1650.33,200,gemini-2.5-flash-lite,7,1654,
2026-01-31T13:05:31.998725,342,True,1277.81,200,gemini-2.5-flash-lite,7,1638,
2026-01-31T13:06:34.852003,343,True,1218.40,200,gemini-2.5-flash-lite,7,1650,
2026-01-31T13:07:37.089016,344,True,926.55,200,gemini-2.5-flash-lite,7,1616,
2026-01-31T13:08:39.001772,345,True,743.26,200,gemini-2.5-flash-lite,7,1622,
2026-01-31T13:09:41.255032,346,True,1166.27,200,gemini-2.5-flash-lite,7,1537,
2026-01-31T13:10:43.563863,347,True,1349.89,200,gemini-2.5-flash-lite,7,1619,
